Date,Close,Open,High,Low,Vol.,Change %
12/06/2024,19859.77,19743.96,19863.14,19734.42,1.23B,0.81%
12/05/2024,19700.72,19756.4,19790.03,19688.59,1.27B,-0.17%
12/04/2024,19735.12,19587.48,19741.76,19575.39,1.27B,1.30%
12/03/2024,19480.91,19364.34,19486.14,19340.41,1.13B,0.40%
12/02/2024,19403.95,19255.43,19436.92,19255.43,1.25B,0.97%
11/29/2024,19218.17,19087.47,19245.49,19066.52,797.08M,0.83%
11/27/2024,19060.48,19132.99,19133.11,18937.2,1.03B,-0.60%
11/26/2024,19175.58,19109.08,19184.4,19100.73,1.12B,0.63%
11/25/2024,19054.84,19140.59,19208.68,18969.35,1.91B,0.27%
11/22/2024,19003.65,18966.32,19025.77,18899.48,1.19B,0.16%
11/21/2024,18972.42,19072.78,19110.89,18714.06,1.26B,0.03%
11/20/2024,18966.14,18971.31,18974.91,18724.39,1.13B,-0.11%
11/19/2024,18987.47,18699.71,18992.08,18689.83,1.15B,1.04%
11/18/2024,18791.81,18717.93,18865.28,18672.3,1.24B,0.60%
11/15/2024,18680.12,18929.92,18936.75,18598.87,1.37B,-2.24%
11/14/2024,19107.65,19256.09,19275.8,19073.39,1.28B,-0.64%
11/13/2024,19230.72,19286.46,19358.48,19191.13,1.39B,-0.26%
11/12/2024,19281.4,19289.81,19343.05,19168.52,1.32B,-0.09%
11/11/2024,19298.76,19355.34,19366.07,19193.29,1.33B,0.06%
11/08/2024,19286.78,19255.14,19318.56,19224.43,1.31B,0.09%
11/07/2024,19269.46,19084.43,19301.7,19084.43,1.43B,1.51%
11/06/2024,18983.46,18772.76,19000.5,18730.21,1.64B,2.95%
11/05/2024,18439.17,18250.71,18449.68,18250.71,1.07B,1.43%
11/04/2024,18179.98,18220.43,18308.3,18112.83,1.04B,-0.33%
11/01/2024,18239.92,18189.67,18363.94,18181.53,1.05B,0.80%
10/31/2024,18095.15,18427.31,18427.31,18083.95,1.31B,-2.76%
10/30/2024,18607.93,18731.69,18785.49,18598.24,1.16B,-0.56%
10/29/2024,18712.75,18576.09,18753.19,18509.59,1.12B,0.78%
10/28/2024,18567.19,18648.25,18671.01,18563.02,1.03B,0.26%
10/25/2024,18518.61,18512.58,18690.01,18487.06,976.29M,0.56%
10/24/2024,18415.49,18384.15,18435.37,18305.42,977.77M,0.76%
10/23/2024,18276.65,18502.06,18509.19,18146.61,1.02B,-1.60%
10/22/2024,18573.13,18451.86,18620.71,18413.47,949.37M,0.18%
10/21/2024,18540.01,18456.48,18543.58,18377.62,1.01B,0.27%
10/18/2024,18489.55,18466.01,18524.33,18452.58,1.01B,0.63%
10/17/2024,18373.61,18537.21,18541.46,18368.79,1.03B,0.04%
10/16/2024,18367.08,18333.29,18383.11,18214.96,1.01B,0.28%
10/15/2024,18315.59,18515.97,18564.25,18252.52,1.15B,-1.01%
10/14/2024,18502.69,18426.66,18547.91,18423.6,901.62M,0.87%
10/11/2024,18342.94,18217.73,18375.53,18208.44,912.77M,0.33%
10/10/2024,18282.05,18200.62,18333.39,18154.18,957.62M,-0.05%
10/09/2024,18291.62,18179.22,18302.05,18133.02,898.50M,0.60%
10/08/2024,18182.92,18017.93,18203.04,17989.7,944.80M,1.45%
10/07/2024,17923.9,18080.12,18096.33,17900.04,1.01B,-1.18%
10/04/2024,18137.85,18130.42,18145.28,17952.3,950.41M,1.22%
10/03/2024,17918.48,17859.49,18011.25,17826.42,908.71M,-0.04%
10/02/2024,17925.12,17867.12,17978.57,17767.79,985.44M,0.08%
10/01/2024,17910.36,18154.94,18162.72,17779.77,1.11B,-1.53%
09/30/2024,18189.17,18069.83,18198.16,17997.56,1.20B,0.38%
09/27/2024,18119.59,18228.78,18238.28,18069.18,1.02B,-0.39%
09/26/2024,18190.29,18327.34,18327.34,18071.74,1.10B,0.60%
09/25/2024,18082.21,18050.36,18155.04,18040.62,958.50M,0.04%
09/24/2024,18074.52,18046.44,18091.96,17863.38,1.09B,0.56%
09/23/2024,17974.27,17994.9,18021.57,17936.37,1.05B,0.14%
09/20/2024,17948.32,17999.35,18024.34,17835.64,3.61B,-0.36%
09/19/2024,18013.98,17980.89,18099.93,17909.75,1.17B,2.51%
09/18/2024,17573.3,17663.38,17832.7,17556.43,1.09B,-0.31%
09/17/2024,17628.06,17707.02,17781.74,17544.64,940.89M,0.20%
09/16/2024,17592.13,17573.7,17618.4,17480.66,876.14M,-0.52%
09/13/2024,17683.98,17575.26,17719.14,17564.61,927.28M,0.65%
09/12/2024,17569.68,17413.89,17605.72,17338.32,952.15M,1.00%
09/11/2024,17395.53,17061.41,17420.23,16787.84,1.10B,2.17%
09/10/2024,17025.88,16949.64,17036.07,16801.13,936.37M,0.84%
09/09/2024,16884.6,16835.67,16923.28,16732.84,1.04B,1.16%
09/06/2024,16690.83,17137.62,17166.54,16668.57,1.08B,-2.55%
09/05/2024,17127.66,17063.24,17295.58,17035.07,933.23M,0.25%
09/04/2024,17084.3,17015.71,17232.65,16984.67,966.70M,-0.30%
09/03/2024,17136.3,17585.45,17585.45,17057.79,1.17B,-3.26%
08/30/2024,17713.62,17650.49,17720.38,17498.79,1.36B,1.13%
08/29/2024,17516.43,17610.57,17789.21,17482.6,974.88M,-0.23%
08/28/2024,17556.03,17738.8,17759.94,17439.4,949.55M,-1.12%
08/27/2024,17754.82,17655.52,17789.72,17573.37,799.40M,0.16%
08/26/2024,17725.77,17867.85,17909.09,17645.69,924.58M,-0.85%
08/23/2024,17877.79,17772.73,17941.27,17700.27,1.00B,1.47%
08/22/2024,17619.35,17993.72,18017.69,17589.15,938.95M,-1.67%
08/21/2024,17918.99,17840.51,17963.07,17790.98,892.18M,0.57%
08/20/2024,17816.94,17849.09,17932.53,17758.2,905.04M,-0.33%
08/19/2024,17876.77,17649.74,17877.44,17585.58,1.01B,1.39%
08/16/2024,17631.72,17516.4,17674.65,17502.82,989.75M,0.21%
08/15/2024,17594.5,17394.54,17602.72,17375.41,1.13B,2.34%
08/14/2024,17192.6,17227.64,17260.73,17032.17,948.92M,0.03%
08/13/2024,17187.61,16944.73,17192.79,16943.95,1.07B,2.43%
08/12/2024,16780.61,16793.64,16895.79,16699.39,4.10B,0.21%
08/09/2024,16745.3,16636.52,16789.22,16574.57,1.01B,0.51%
08/08/2024,16660.02,16408.27,16694.25,16262.93,1.17B,2.87%
08/07/2024,16195.81,16622.31,16709.81,16179.53,1.22B,-1.05%
08/06/2024,16366.86,16261.36,16620.31,16137.65,1.19B,1.03%
08/05/2024,16200.08,15712.53,16453.46,15708.54,1.53B,-3.43%
08/02/2024,16776.16,16780.45,16920.63,16582.79,1.34B,-2.43%
08/01/2024,17194.14,17647.03,17791.59,17051.42,1.32B,-2.30%
07/31/2024,17599.4,17499.23,17693.98,17438.6,1.34B,2.64%
07/30/2024,17147.42,17424.1,17468.56,17015.38,1.11B,-1.28%
07/29/2024,17370.2,17444.39,17535.32,17299.83,909.68M,0.07%
07/26/2024,17357.88,17331.95,17454.57,17239.99,972.96M,1.03%
07/25/2024,17181.72,17352.64,17544.46,17033.96,1.20B,-0.93%
07/24/2024,17342.41,17733.91,17747.06,17313.52,1.19B,-3.64%
07/23/2024,17997.35,17982.74,18128.38,17968.1,960.97M,-0.06%
07/22/2024,18007.57,17923.64,18040.99,17839.76,1.04B,1.58%
07/19/2024,17726.94,17835.59,17935.14,17691.43,1.12B,-0.81%
07/18/2024,17871.22,18119.15,18130.87,17759.54,1.13B,-0.70%
07/17/2024,17996.93,18188.19,18223.24,17972.87,1.26B,-2.77%
07/16/2024,18509.34,18534.27,18576.83,18386.07,1.12B,0.20%
07/15/2024,18472.57,18485.91,18641.53,18397.83,1.08B,0.40%
07/12/2024,18398.45,18303.64,18556.73,18293.6,1.10B,0.63%
07/11/2024,18283.41,18659.25,18671.07,18238.78,1.23B,-1.95%
07/10/2024,18647.45,18512.09,18655.19,18467.58,971.36M,1.18%
07/09/2024,18429.29,18465.02,18511.89,18381.6,914.80M,0.14%
07/08/2024,18403.74,18371.86,18416.94,18342.6,984.76M,0.28%
07/05/2024,18352.76,18200.6,18366.31,18197.13,963.80M,0.90%
07/03/2024,18188.3,18016.12,18188.3,18016.12,692.06M,0.88%
07/02/2024,18028.76,17808.04,18031.29,17802.24,932.12M,0.84%
07/01/2024,17879.3,17773.9,17894.28,17657.64,1.03B,0.83%
06/28/2024,17732.6,17891.1,18035,17723.83,3.78B,-0.71%
06/27/2024,17858.68,17793.95,17892.78,17765.42,1.05B,0.30%
06/26/2024,17805.16,17697.27,17813.55,17687.07,1.04B,0.49%
06/25/2024,17717.65,17572.16,17734.35,17546.63,1.08B,1.26%
06/24/2024,17496.82,17640.26,17730.12,17494.02,1.14B,-1.09%
06/21/2024,17689.36,17681.01,17787.34,17620.57,3.54B,-0.18%
06/20/2024,17721.59,17913.94,17936.79,17650.7,1.26B,-0.79%
06/18/2024,17862.23,17856.76,17890.52,17796.88,1.11B,0.03%
06/17/2024,17857.02,17697.3,17935.98,17636.36,1.04B,0.95%
06/14/2024,17688.88,17621.18,17693.43,17590.8,965.43M,0.12%
06/13/2024,17667.56,17715.27,17741.8,17566.32,981.98M,0.34%
06/12/2024,17608.44,17502.15,17725.39,17490.64,1.13B,1.53%
06/11/2024,17343.55,17160.42,17345.05,17107.99,941.87M,0.88%
06/10/2024,17192.53,17083.45,17213.45,17057.34,1.01B,0.35%
06/07/2024,17133.13,17124.13,17229.31,17090.04,897.39M,-0.23%
06/06/2024,17173.12,17204.87,17235.73,17123.59,940.92M,-0.09%
06/05/2024,17187.9,16974.48,17187.92,16955.56,1.01B,1.96%
06/04/2024,16857.05,16823.88,16891.87,16750.39,975.74M,0.17%
06/03/2024,16828.67,16865.7,16909.89,16646.43,1.06B,0.56%
05/31/2024,16735.02,16771.9,16789.27,16445.54,1.81B,-0.01%
05/30/2024,16737.08,16878.63,16900.46,16690.36,1.11B,-1.08%
05/29/2024,16920.58,16879.35,16989.6,16873.97,1.15B,-0.58%
05/28/2024,17019.88,16988.31,17032.65,16917.51,1.10B,0.59%
05/24/2024,16920.79,16786.79,16947.79,16771.58,953.61M,1.10%
05/23/2024,16736.03,16996.38,16996.38,16678.37,1.21B,-0.39%
05/22/2024,16801.54,16839.02,16855.27,16712.09,1.15B,-0.18%
05/21/2024,16832.62,16736.1,16839.02,16719.97,1.02B,0.22%
05/20/2024,16794.87,16702.02,16823.83,16695.69,1.12B,0.65%
05/17/2024,16685.97,16708.49,16726.41,16613.84,1.43B,-0.07%
05/16/2024,16698.32,16738.11,16797.83,16693.45,1.47B,-0.26%
05/15/2024,16742.39,16601.14,16749.74,16544.09,1.32B,1.40%
05/14/2024,16511.18,16391.16,16526.27,16386.44,1.24B,0.75%
05/13/2024,16388.24,16400.31,16407.05,16334.86,953.22M,0.29%
05/10/2024,16340.87,16389.02,16437.39,16293.52,940.76M,-0.03%
05/09/2024,16346.26,16323.74,16362.79,16241.98,945.46M,0.27%
05/08/2024,16302.76,16226.07,16341.65,16226.07,976.92M,-0.18%
05/07/2024,16332.55,16358.34,16397.39,16303.84,1.02B,-0.10%
05/06/2024,16349.25,16208.54,16350.08,16197.86,919.31M,1.19%
05/03/2024,16156.33,16147.48,16204.71,16068.34,1.03B,1.99%
05/02/2024,15840.96,15758.11,15862.79,15604.73,1.05B,1.51%
05/01/2024,15605.48,15646.09,15926.22,15557.64,1.12B,-0.33%
04/30/2024,15657.82,15920.89,15979.36,15655.67,1.15B,-2.04%
04/29/2024,15983.08,16007,16021.5,15885.89,953.16M,0.35%
04/26/2024,15927.9,15821.33,15981,15770.72,939.96M,2.03%
04/25/2024,15611.76,15375.26,15644.51,15343.91,990.23M,-0.64%
04/24/2024,15712.75,15805.6,15839,15634.44,955.27M,0.10%
04/23/2024,15696.64,15525.55,15730.35,15510.58,981.75M,1.59%
04/22/2024,15451.3,15396.13,15539,15265.66,930.20M,1.11%
04/19/2024,15282.01,15547.1,15576.7,15222.78,1.11B,-2.05%
04/18/2024,15601.5,15705.7,15786.12,15587.5,936.42M,-0.52%
04/17/2024,15683.37,15942.29,15957.03,15654.51,896.71M,-1.15%
04/16/2024,15865.25,15856.38,15965.79,15822.02,912.04M,-0.12%
04/15/2024,15885.02,16276.47,16295.27,15863.88,980.76M,-1.79%
04/12/2024,16175.09,16293.03,16341.46,16125.33,906.05M,-1.62%
04/11/2024,16442.2,16236.2,16464.6,16154.65,888.86M,1.68%
04/10/2024,16170.36,16104.01,16200.1,16092.02,992.41M,-0.84%
04/09/2024,16306.64,16328.76,16348.18,16141.15,888.26M,0.32%
04/08/2024,16253.96,16285.18,16323.6,16220.72,852.61M,0.03%
04/05/2024,16248.52,16095.4,16326.5,16080.49,903.32M,1.24%
04/04/2024,16049.08,16418.57,16468.04,16046.56,1.07B,-1.40%
04/03/2024,16277.46,16178.79,16340.74,16169.31,1.01B,0.23%
04/02/2024,16240.45,16199.24,16251.41,16137.24,1.03B,-0.95%
04/01/2024,16396.83,16397.05,16490.65,16327.89,930.02M,0.11%
03/28/2024,16379.46,16377.23,16420.92,16347.38,1.22B,-0.12%
03/27/2024,16399.52,16424.76,16431.82,16279.17,986.80M,0.51%
03/26/2024,16315.7,16446.85,16476.38,16312.95,1.00B,-0.42%
03/25/2024,16384.47,16335.3,16441.17,16315.72,896.53M,-0.27%
03/22/2024,16428.82,16387.83,16467.62,16361,880.01M,0.16%
03/21/2024,16401.84,16517.24,16538.86,16393.9,1.06B,0.20%
03/20/2024,16369.41,16185.76,16377.44,16127.48,1.03B,1.25%
03/19/2024,16166.79,16031.93,16175.59,15951.86,1.04B,0.39%
03/18/2024,16103.45,16154.92,16247.59,16094.17,1.04B,0.82%
03/15/2024,15973.17,16043.58,16055.33,15925.91,3.07B,-0.96%
03/14/2024,16128.53,16209.19,16245.32,16039.68,1.18B,-0.30%
03/13/2024,16177.77,16220.11,16233.29,16143.34,1.09B,-0.54%
03/12/2024,16265.64,16116.98,16275.45,15992.98,1.02B,1.54%
03/11/2024,16019.27,16052.63,16085.95,15978.04,970.77M,-0.41%
03/08/2024,16085.11,16322.1,16449.7,16059.5,1.09B,-1.16%
03/07/2024,16273.38,16147.32,16309.02,16096.01,1.03B,1.51%
03/06/2024,16031.54,16092,16128.56,15956.66,1.11B,0.58%
03/05/2024,15939.59,16077.74,16087.57,15862.63,1.16B,-1.65%
03/04/2024,16207.51,16264.21,16289.06,16199.06,1.17B,-0.41%
03/01/2024,16274.94,16109.83,16302.24,16096.6,1.10B,1.14%
02/29/2024,16091.92,16059.34,16115.96,15931.7,1.65B,0.90%
02/28/2024,15947.74,15969.14,16003.56,15924.72,1.10B,-0.55%
02/27/2024,16035.3,16013.98,16046.1,15940.51,1.10B,0.37%
02/26/2024,15976.25,16014.45,16054.9,15973.9,1.06B,-0.13%
02/23/2024,15996.82,16094.8,16134.22,15954.5,1.00B,-0.28%
02/22/2024,16041.62,15904.48,16061.82,15869.24,1.14B,2.96%
02/21/2024,15580.87,15532.12,15583.68,15451.65,984.02M,-0.32%
02/20/2024,15630.78,15679.84,15730.47,15508.5,1.10B,-0.92%
02/16/2024,15775.65,15910.43,15917.41,15752.02,1.12B,-0.82%
02/15/2024,15906.17,15865.3,15911.22,15779.71,1.22B,0.30%
02/14/2024,15859.15,15781.71,15865.51,15683.94,1.08B,1.30%
02/13/2024,15655.6,15598.88,15770.42,15551.44,1.21B,-1.80%
02/12/2024,15942.54,15980.62,16080.07,15917.87,1.09B,-0.30%
02/09/2024,15990.66,15842.38,16007.29,15831.76,1.08B,1.25%
02/08/2024,15793.71,15762.23,15813.27,15739.18,1.02B,0.24%
02/07/2024,15756.64,15690.35,15770.67,15645.8,943.13M,0.95%
02/06/2024,15609,15638.19,15652.75,15515.25,931.55M,0.07%
02/05/2024,15597.68,15613.99,15637.88,15471.68,923.28M,-0.20%
02/02/2024,15628.95,15403.16,15664.21,15366.78,956.87M,1.74%
02/01/2024,15361.64,15254.02,15372.13,15208.88,1.01B,1.30%
01/31/2024,15164.01,15324.19,15405.55,15158.49,1.29B,-2.23%
01/30/2024,15509.9,15604.08,15619.23,15484.67,915.72M,-0.76%
01/29/2024,15628.04,15470.66,15630.58,15449.87,959.39M,1.12%
01/26/2024,15455.36,15474.85,15538.84,15433.04,857.50M,-0.36%
01/25/2024,15510.5,15555.62,15597.25,15430.68,998.98M,0.18%
01/24/2024,15481.92,15560.61,15629.07,15468.91,932.89M,0.36%
01/23/2024,15425.94,15391.41,15432.35,15337.23,959.54M,0.43%
01/22/2024,15360.29,15393.05,15438.85,15333.63,1.04B,0.32%
01/19/2024,15310.97,15122.38,15310.97,15087.2,1.14B,1.70%
01/18/2024,15055.65,14994.52,15066.81,14911.11,1.04B,1.35%
01/17/2024,14855.62,14814.77,14865.76,14706.23,944.50M,-0.59%
01/16/2024,14944.35,14908.26,15004.35,14863.81,1.10B,-0.19%
01/12/2024,14972.76,15001.01,15047.25,14931.88,865.51M,0.02%
01/11/2024,14970.18,15020.95,15063.61,14800.38,1.00B,0.00%
01/10/2024,14969.65,14877.7,14998.2,14842.7,904.43M,0.75%
01/09/2024,14857.71,14744.13,14894.32,14716.71,959.65M,0.09%
01/08/2024,14843.77,14564.47,14846.9,14560.2,1.14B,2.20%
01/05/2024,14524.07,14500.11,14625.19,14477.57,1.01B,0.09%
01/04/2024,14510.3,14532.23,14632.77,14504.78,1.04B,-0.56%
01/03/2024,14592.21,14641.47,14694.58,14577.44,1.06B,-1.18%
01/02/2024,14765.94,14873.7,14887.8,14682.38,1.08B,-1.63%
12/29/2023,15011.35,15099.2,15111.41,14955.37,1.04B,-0.56%
12/28/2023,15095.14,15142.09,15150.07,15087.22,907.14M,-0.03%
12/27/2023,15099.18,15089.66,15114.08,15051.67,1.07B,0.16%
12/26/2023,15074.57,15028.69,15101.18,15024.06,871.34M,0.54%
12/22/2023,14992.97,15006.18,15047.19,14927.12,880.44M,0.19%
12/21/2023,14963.87,14923.14,14970.81,14837.47,945.08M,1.26%
12/20/2023,14777.94,14973.36,15069.29,14776.29,1.20B,-1.50%
12/19/2023,15003.22,14923.02,15003.8,14921.6,1.13B,0.66%
12/18/2023,14905.19,14814.02,14938.04,14811.82,1.15B,0.62%
12/15/2023,14813.92,14797.46,14848.41,14753.16,3.35B,0.35%
12/14/2023,14761.56,14798.72,14855.62,14642.23,1.58B,0.19%
12/13/2023,14733.96,14555.68,14743.55,14517.53,1.13B,1.38%
12/12/2023,14533.4,14423.01,14533.4,14385.39,939.56M,0.70%
12/11/2023,14432.49,14340.13,14436.08,14324.57,1.05B,0.20%
12/08/2023,14403.97,14279.46,14416.92,14264.96,997.65M,0.45%
12/07/2023,14339.99,14230.43,14353.11,14220.87,1.05B,1.37%
12/06/2023,14146.71,14325.62,14327.63,14138.51,1.02B,-0.58%
12/05/2023,14229.91,14126.4,14285.66,14121.76,1.11B,0.31%
12/04/2023,14185.49,14168.66,14197.52,14058.52,1.18B,-0.84%
12/01/2023,14305.03,14181.35,14311.95,14135,1.09B,0.55%
11/30/2023,14226.22,14265.05,14289.2,14127.05,1.53B,-0.23%
11/29/2023,14258.49,14367.11,14423.22,14247.89,979.43M,-0.16%
11/28/2023,14281.76,14224.63,14303.66,14195.72,870.61M,0.29%
11/27/2023,14241.02,14239.31,14305.71,14205.24,839.28M,-0.07%
11/24/2023,14250.86,14238.04,14270.28,14214.13,441.68M,-0.11%
11/22/2023,14265.86,14283.82,14359.61,14226.63,717.39M,0.46%
11/21/2023,14199.98,14217.23,14237.5,14146.3,815.36M,-0.59%
11/20/2023,14284.53,14134.75,14309.8,14134.2,902.05M,1.13%
11/17/2023,14125.48,14101.43,14154.32,14063.93,946.65M,0.08%
11/16/2023,14113.67,14066.88,14130.45,14033.79,925.11M,0.07%
11/15/2023,14103.84,14147.27,14194.36,14060.7,1.06B,0.07%
11/14/2023,14094.38,14015.37,14124.06,14003.14,1.11B,2.37%
11/13/2023,13767.74,13745.96,13805.11,13687.78,837.61M,-0.22%
11/10/2023,13798.11,13571.19,13802.53,13556.35,998.71M,2.05%
11/09/2023,13521.45,13693.7,13697.82,13506.02,1.04B,-0.94%
11/08/2023,13650.41,13660.22,13684.87,13573.58,956.59M,0.08%
11/07/2023,13639.86,13555.79,13675.46,13516.56,896.95M,0.90%
11/06/2023,13518.78,13514.08,13551.62,13435.99,912.89M,0.30%
11/03/2023,13478.28,13362.85,13520.28,13344.73,1.02B,1.38%
11/02/2023,13294.19,13230.49,13302.18,13177.64,1.03B,1.78%
11/01/2023,13061.47,12887.06,13072.42,12875.2,937.65M,1.64%
10/31/2023,12851.24,12786.62,12859.4,12697.04,914.04M,0.48%
10/30/2023,12789.48,12750.46,12842.96,12691.56,801.65M,1.16%
10/27/2023,12643.01,12718.69,12772.43,12600.57,856.38M,0.38%
10/26/2023,12595.61,12768.97,12818.14,12543.86,941.24M,-1.76%
10/25/2023,12821.22,13039.86,13042.52,12804.3,950.80M,-2.43%
10/24/2023,13139.88,13084.99,13170.39,13022.85,878.12M,0.93%
10/23/2023,13018.33,12930.85,13143.22,12848.83,859.07M,0.27%
10/20/2023,12983.81,13157.77,13177.35,12977.43,1.03B,-1.53%
10/19/2023,13186.17,13354.8,13404.73,13157.33,920.00M,-0.96%
10/18/2023,13314.3,13439.68,13499.74,13275.3,843.06M,-1.62%
10/17/2023,13533.75,13419.87,13602.25,13364.74,906.42M,-0.25%
10/16/2023,13567.98,13453.81,13598.05,13447.17,832.45M,1.20%
10/13/2023,13407.23,13613.59,13619.54,13361.85,843.48M,-1.23%
10/12/2023,13574.22,13672.47,13714.14,13491.56,921.27M,-0.63%
10/11/2023,13659.68,13619.21,13671.11,13549.29,797.05M,0.71%
10/10/2023,13562.84,13505.81,13659.63,13491.81,823.87M,0.58%
10/09/2023,13484.24,13326.22,13509.3,13277.48,723.95M,0.39%
10/06/2023,13431.34,13127.68,13472.27,13099.03,860.52M,1.60%
10/05/2023,13219.83,13228.12,13251.18,13087.57,870.00M,-0.12%
10/04/2023,13236.01,13092.92,13258.76,13072.51,854.22M,1.35%
10/03/2023,13059.47,13229.68,13280.04,13008.6,889.31M,-1.87%
10/02/2023,13307.77,13217.99,13364.03,13204.08,877.57M,0.67%
09/29/2023,13219.32,13337.71,13382.98,13177.09,1.02B,0.14%
09/28/2023,13201.28,13043.37,13270.97,13025.11,884.75M,0.83%
09/27/2023,13092.85,13115.36,13156.37,12963.16,894.11M,0.22%
09/26/2023,13063.61,13180.96,13199.13,13033.4,891.04M,-1.57%
09/25/2023,13271.32,13172.54,13277.83,13132,769.22M,0.45%
09/22/2023,13211.81,13287.17,13353.22,13200.64,831.54M,-0.09%
09/21/2023,13223.99,13328.06,13362.23,13222.56,928.74M,-1.82%
09/20/2023,13469.13,13710.26,13727.81,13467.28,835.28M,-1.53%
09/19/2023,13678.19,13649.44,13705.15,13578.87,881.73M,-0.23%
09/18/2023,13710.24,13669.96,13751.28,13663.46,962.57M,0.01%
09/15/2023,13708.33,13889.2,13895.75,13684.24,3.05B,-1.56%
09/14/2023,13926.05,13889.76,13957.57,13810.66,930.53M,0.81%
09/13/2023,13813.58,13773.67,13868.57,13733.82,929.03M,0.29%
09/12/2023,13773.62,13858.94,13913.6,13763.69,853.61M,-1.04%
09/11/2023,13917.89,13884.03,13937.46,13805.13,853.34M,1.14%
09/08/2023,13761.53,13754.71,13843.37,13733.18,781.91M,0.09%
09/07/2023,13748.83,13675.11,13774.63,13642.47,920.58M,-0.89%
09/06/2023,13872.47,13988.81,14001.95,13802.42,826.45M,-1.06%
09/05/2023,14020.95,13994.54,14060.85,13945.65,882.28M,-0.08%
09/01/2023,14031.82,14129.96,14149.62,13982.42,820.13M,-0.02%
08/31/2023,14034.97,14041.54,14114.67,14010.48,1.13B,0.11%
08/30/2023,14019.31,13961.77,14050.82,13924.2,829.23M,0.54%
08/29/2023,13943.76,13687.23,13959.81,13677.06,865.54M,1.74%
08/28/2023,13705.13,13695.36,13735.98,13626.64,674.53M,0.84%
08/25/2023,13590.65,13514.37,13633.42,13376.34,782.12M,0.94%
08/24/2023,13463.97,13834.31,13834.68,13462.84,891.76M,-1.87%
08/23/2023,13721.03,13532.43,13757,13532.43,811.82M,1.59%
08/22/2023,13505.87,13593.95,13598.76,13484.38,780.24M,0.06%
08/21/2023,13497.59,13347.26,13516.86,13325.59,828.82M,1.56%
08/18/2023,13290.78,13190.02,13335.87,13161.76,980.92M,-0.20%
08/17/2023,13316.93,13527.3,13535.09,13303.45,956.29M,-1.17%
08/16/2023,13474.63,13593.17,13644.32,13473.03,993.03M,-1.15%
08/15/2023,13631.05,13760.48,13774.98,13611.93,816.65M,-1.14%
08/14/2023,13788.33,13599,13789.16,13582.49,836.91M,1.05%
08/11/2023,13644.85,13633.65,13720.33,13609.98,842.28M,-0.56%
08/10/2023,13721.03,13818.25,13947.16,13686.51,979.72M,0.12%
08/09/2023,13705.08,13897.61,13898.54,13698.39,1.06B,-1.17%
08/08/2023,13867.19,13875.45,13899.74,13769.34,1.04B,-0.79%
08/07/2023,13977.13,13972.45,13997.15,13864.92,957.81M,0.61%
08/04/2023,13892.07,14025.96,14119.22,13897.93,1.00B,-0.48%
08/03/2023,13959.71,13899.76,14032.28,13881.35,1.03B,-0.10%
08/02/2023,13973.45,14132.73,14133.85,13914.81,1.06B,-2.17%
08/01/2023,14283.91,14274.93,14309.21,14215.64,909.92M,-0.43%
07/31/2023,14346.02,14337.9,14370.91,14292.75,1.08B,0.21%
07/28/2023,14316.66,14199.83,14344.35,14188.1,937.55M,1.90%
07/27/2023,14050.11,14319.16,14360.2,14006.92,1.00B,-0.55%
07/26/2023,14127.28,14123.52,14187.35,14041.95,883.42M,-0.12%
07/25/2023,14144.55,14093.24,14201.91,14092.52,864.05M,0.61%
07/24/2023,14058.87,14081.63,14110.15,13997.13,812.22M,0.19%
07/21/2023,14032.8,14148.17,14179.01,14020.45,1.45B,-0.22%
07/20/2023,14063.31,14273.29,14309.92,14030.63,996.24M,-2.05%
07/19/2023,14358.02,14398.53,14446.55,14317.09,978.63M,0.03%
07/18/2023,14353.64,14212.25,14396.69,14176.11,930.20M,0.76%
07/17/2023,14244.95,14149.92,14274.41,14138,914.53M,0.93%
07/14/2023,14113.7,14166.66,14232.11,14081.96,996.35M,-0.18%
07/13/2023,14138.57,14021.15,14163.8,14012.24,962.46M,1.58%
07/12/2023,13918.96,13915.64,13963.45,13842.13,1.01B,1.15%
07/11/2023,13760.7,13709.82,13774.83,13643.32,913.10M,0.55%
07/10/2023,13685.48,13645.37,13692.41,13584.87,1.00B,0.18%
07/07/2023,13660.72,13668.07,13804.51,13656.74,949.89M,-0.13%
07/06/2023,13679.04,13653.17,13689.52,13567.25,1.04B,-0.82%
07/05/2023,13791.65,13772.1,13844.5,13764.25,937.60M,-0.18%
07/03/2023,13816.77,13798.7,13839.09,13773.41,583.70M,0.21%
06/30/2023,13787.92,13719.98,13816.67,13716.16,1.07B,1.45%
06/29/2023,13591.33,13592.36,13618.53,13540.26,871.64M,0.00%
06/28/2023,13591.75,13506.02,13654.14,13495.73,890.52M,0.27%
06/27/2023,13555.67,13389.25,13578.8,13366.97,966.18M,1.65%
06/26/2023,13335.78,13468.75,13573.57,13334.42,936.28M,-1.16%
06/23/2023,13492.52,13484.1,13572.18,13442.65,3.36B,-1.01%
06/22/2023,13630.61,13443.41,13631.85,13441.56,898.27M,0.95%
06/21/2023,13502.2,13620.87,13638.57,13460.94,1.06B,-1.21%
06/20/2023,13667.29,13642.29,13711.18,13561.84,1.13B,-0.16%
06/16/2023,13689.57,13859.07,13864.06,13680.96,2.92B,-0.68%
06/15/2023,13782.82,13572.88,13828.17,13561.37,1.13B,1.15%
06/14/2023,13626.48,13570.56,13661.74,13455.99,1.16B,0.39%
06/13/2023,13573.32,13566.53,13594.4,13473.19,1.04B,0.83%
06/12/2023,13461.92,13326.37,13465.91,13302.58,974.53M,1.53%
06/09/2023,13259.14,13312.39,13385.95,13229.33,899.24M,0.16%
06/08/2023,13238.52,13113.27,13248.6,13101.18,873.24M,1.02%
06/07/2023,13104.89,13295.26,13361.9,13089.48,1.11B,-1.29%
06/06/2023,13276.42,13199.59,13306.21,13165.65,978.70M,0.36%
06/05/2023,13229.43,13238.48,13330.65,13194.95,887.68M,-0.09%
06/02/2023,13240.77,13190.48,13256.21,13125.86,941.89M,1.07%
06/01/2023,13100.98,12944.46,13141.83,12903.63,957.13M,1.28%
05/31/2023,12935.29,12968.38,13029.08,12889.37,1.94B,-0.63%
05/30/2023,13017.43,13109.1,13154.29,12968.12,969.21M,0.32%
05/26/2023,12975.69,12736.42,13001.91,12729.74,914.77M,2.19%
05/25/2023,12698.09,12706.44,12736.92,12604.89,970.49M,1.71%
05/24/2023,12484.16,12481.89,12529.63,12415.85,842.72M,-0.61%
05/23/2023,12560.25,12652.88,12709.74,12554.43,899.73M,-1.26%
05/22/2023,12720.78,12664.44,12756.22,12655.26,886.96M,0.50%
05/19/2023,12657.9,12709.46,12731.73,12624.06,899.33M,-0.24%
05/18/2023,12688.84,12513.87,12698.5,12512.26,932.20M,1.51%
05/17/2023,12500.57,12388.58,12514.07,12335.02,936.60M,1.28%
05/16/2023,12343.05,12327.05,12403.81,12324.52,857.54M,-0.18%
05/15/2023,12365.21,12301.17,12376.4,12263.35,857.25M,0.66%
05/12/2023,12284.74,12350.52,12364.65,12209.58,865.59M,-0.35%
05/11/2023,12328.51,12321.26,12347.38,12255.44,934.31M,0.18%
05/10/2023,12306.44,12286.66,12337.69,12180.86,1.04B,1.04%
05/09/2023,12179.55,12195.78,12216.13,12174.06,899.76M,-0.63%
05/08/2023,12256.92,12231.68,12264.99,12178.26,882.60M,0.18%
05/05/2023,12235.41,12073.03,12264.83,12065.72,1.01B,2.25%
05/04/2023,11966.4,11997.34,12033.15,11925.37,1.01B,-0.49%
05/03/2023,12025.33,12097.04,12212.55,12022.46,1.09B,-0.46%
05/02/2023,12080.51,12198.02,12206.58,12015.22,1.05B,-1.08%
05/01/2023,12212.6,12210.05,12261.32,12181.08,926.58M,-0.11%
04/28/2023,12226.58,12117.54,12227.72,12082.57,1.07B,0.69%
04/27/2023,12142.24,11972.15,12154.01,11950.92,986.43M,2.43%
04/26/2023,11854.35,11913.23,11967.99,11833.07,973.40M,0.47%
04/25/2023,11799.16,11968.81,11990.46,11798.77,921.37M,-1.98%
04/24/2023,12037.2,12053.47,12103.58,11960.3,853.57M,-0.29%
04/21/2023,12072.46,12046.03,12097.15,11986.82,944.77M,0.11%
04/20/2023,12059.56,12039.08,12155.96,12011.95,899.17M,-0.80%
04/19/2023,12157.23,12063.68,12191.1,12060.17,879.49M,0.03%
04/18/2023,12153.41,12234.56,12245.43,12110.23,883.01M,-0.04%
04/17/2023,12157.72,12108.23,12159.02,12064.1,904.58M,0.28%
04/14/2023,12123.46,12117.91,12205.72,12026.55,874.14M,-0.35%
04/13/2023,12166.27,11997.42,12178.8,11995.94,921.41M,1.99%
04/12/2023,11929.34,12110.87,12134.5,11916.54,916.01M,-0.85%
04/11/2023,12031.88,12080.24,12091.27,12011.4,883.24M,-0.43%
04/10/2023,12084.36,11975.13,12084.95,11924.2,862.62M,-0.03%
04/06/2023,12087.96,11939.08,12098.5,11898.36,785.43M,0.76%
04/05/2023,11996.86,12081.76,12086.75,11931.84,894.37M,-1.07%
04/04/2023,12126.33,12208.49,12224.68,12081.81,877.51M,-0.52%
04/03/2023,12189.45,12146.09,12196.34,12086.52,950.52M,-0.27%
03/31/2023,12221.91,12031.54,12227.93,12030.44,1.16B,1.74%
03/30/2023,12013.47,12010.45,12044.79,11953.37,923.96M,0.73%
03/29/2023,11926.24,11855.59,11941.59,11823.35,915.05M,1.79%
03/28/2023,11716.08,11752.76,11752.76,11635.03,773.10M,-0.45%
03/27/2023,11768.84,11868.54,11903.21,11739.05,844.71M,-0.47%
03/24/2023,11823.96,11747.62,11826.23,11670.67,897.32M,0.31%
03/23/2023,11787.4,11811.32,11962.69,11684.52,1.00B,1.01%
03/22/2023,11669.96,11857.5,12013.99,11666.85,963.97M,-1.60%
03/21/2023,11860.11,11764.79,11879.16,11724.91,1.04B,1.58%
03/20/2023,11675.54,11614.39,11695.55,11550.69,1.08B,0.39%
03/17/2023,11630.51,11696.34,11773.11,11562.63,2.94B,-0.74%
03/16/2023,11717.28,11384.87,11733.8,11365.49,1.13B,2.48%
03/15/2023,11434.05,11291.17,11447.9,11238.44,1.22B,0.05%
03/14/2023,11428.15,11357.74,11467.01,11284.93,1.18B,2.14%
03/13/2023,11188.84,11041.46,11326.73,10982.8,1.31B,0.45%
03/10/2023,11138.89,11325.36,11373.81,11093.86,1.23B,-1.76%
03/09/2023,11338.36,11578.31,11667.12,11319.98,994.86M,-2.05%
03/08/2023,11576,11553.09,11601.23,11487.75,923.10M,0.40%
03/07/2023,11530.33,11670.98,11705.96,11512.03,973.96M,-1.25%
03/06/2023,11675.74,11736.87,11827.92,11667.48,977.57M,-0.11%
03/03/2023,11689.01,11524.65,11699.63,11514.74,965.05M,1.97%
03/02/2023,11462.98,11273.77,11487.59,11273.61,950.09M,0.73%
03/01/2023,11379.48,11447.58,11479,11349.87,964.54M,-0.66%
02/28/2023,11455.54,11451.05,11548.22,11435.39,1.26B,-0.10%
02/27/2023,11466.98,11517.19,11565.23,11444.6,874.29M,0.63%
02/24/2023,11394.94,11404.18,11434.36,11334.46,900.84M,-1.69%
02/23/2023,11590.4,11636.93,11638.97,11432.58,903.17M,0.72%
02/22/2023,11507.07,11517.2,11582.52,11445.17,942.98M,0.13%
02/21/2023,11492.3,11640.37,11684.14,11491.18,1.02B,-2.50%
02/17/2023,11787.27,11777.5,11803.22,11673.21,966.30M,-0.58%
02/16/2023,11855.83,11896.31,12040.34,11853.36,986.41M,-1.78%
02/15/2023,12070.59,11905.12,12071.29,11876.82,951.90M,0.92%
02/14/2023,11960.14,11808.2,11999.85,11760.57,929.01M,0.57%
02/13/2023,11891.79,11759.09,11910.92,11719.73,937.01M,1.48%
02/10/2023,11718.12,11714.6,11775.8,11630.54,934.05M,-0.61%
02/09/2023,11789.58,12069.1,12070.96,11745.11,1.03B,-1.02%
02/08/2023,11910.52,12069.12,12096.39,11890.09,953.41M,-1.68%
02/07/2023,12113.79,11891.25,12150.22,11836.78,1.07B,1.90%
02/06/2023,11887.45,11904.41,11973.41,11843.49,1.01B,-1.00%
02/03/2023,12006.96,11946.86,12231.31,11946.86,1.11B,-1.59%
02/02/2023,12200.82,12065.15,12269.55,12024.14,1.33B,3.25%
02/01/2023,11816.32,11573.14,11904.02,11500.33,1.21B,2.00%
01/31/2023,11584.55,11398.58,11586.01,11398.37,1.15B,1.67%
01/30/2023,11393.81,11512.34,11553.31,11388.54,954.43M,-1.96%
01/27/2023,11621.71,11470.47,11691.89,11470.27,1.05B,0.95%
01/26/2023,11512.41,11458.41,11516.05,11341.19,992.60M,1.76%
01/25/2023,11313.36,11146.53,11334.22,11069.17,924.72M,-0.18%
01/24/2023,11334.27,11302.93,11378.15,11282.65,914.95M,-0.27%
01/23/2023,11364.41,11171.94,11405.5,11144.03,1.05B,2.01%
01/20/2023,11140.43,10924.66,11143.17,10885.64,1.16B,2.66%
01/19/2023,10852.27,10890.4,10932.52,10804.57,905.21M,-0.96%
01/18/2023,10957.01,11170.95,11223.41,10952.05,986.97M,-1.24%
01/17/2023,11095.11,11070,11145.44,11024.72,990.06M,0.14%
01/13/2023,11079.16,10906.37,11084.01,10900.16,919.66M,0.71%
01/12/2023,11001.11,10969.26,11027.75,10797.12,1.03B,0.64%
01/11/2023,10931.67,10794.99,10932.44,10762.73,1.01B,1.76%
01/10/2023,10742.63,10607.72,10743.67,10589.59,888.70M,1.01%
01/09/2023,10635.65,10662.11,10807.26,10619.12,1.04B,0.63%
01/06/2023,10569.29,10363.96,10604.14,10265.04,970.67M,2.56%
01/05/2023,10305.24,10390.31,10393.22,10295.25,957.48M,-1.47%
01/04/2023,10458.76,10467.82,10515.22,10337.64,1.04B,0.69%
01/03/2023,10386.99,10562.06,10613.06,10309.16,983.36M,-0.76%
12/30/2022,10466.48,10368.37,10468.31,10324.7,850.56M,-0.11%
12/29/2022,10478.09,10321.46,10502.08,10301.06,894.54M,2.59%
12/28/2022,10213.29,10339.2,10414.82,10207.47,751.52M,-1.35%
12/27/2022,10353.23,10462.19,10472.32,10340.73,753.05M,-1.38%
12/23/2022,10497.86,10437.75,10514.76,10361.82,678.03M,0.21%
12/22/2022,10476.12,10586.46,10599.34,10313.32,974.20M,-2.18%
12/21/2022,10709.37,10592,10753.57,10569.2,937.40M,1.54%
12/20/2022,10547.11,10490.89,10609.46,10446.82,972.31M,0.01%
12/19/2022,10546.03,10707.44,10713.97,10497.55,1.04B,-1.49%
12/16/2022,10705.41,10767.63,10833.24,10642.1,3.28B,-0.97%
12/15/2022,10810.53,11012.62,11029.57,10775.61,1.16B,-3.23%
12/14/2022,11170.89,11248.09,11352.09,11065.24,1.12B,-0.76%
12/13/2022,11256.81,11542.84,11571.64,11160.54,1.24B,1.01%
12/12/2022,11143.74,11015.48,11144.67,10984.82,955.14M,1.26%
12/09/2022,11004.62,11038.17,11138.7,10999.26,867.24M,-0.70%
12/08/2022,11082,11011.33,11119.16,10939.47,832.95M,1.13%
12/07/2022,10958.55,10963.95,11039.81,10910.62,828.48M,-0.51%
12/06/2022,11014.89,11228.42,11241.42,10956.2,888.70M,-2.00%
12/05/2022,11239.94,11380.99,11425.51,11193.03,885.18M,-1.93%
12/02/2022,11461.5,11308.38,11492.32,11296.72,859.61M,-0.18%
12/01/2022,11482.45,11475.17,11546.77,11378.75,912.53M,0.13%
11/30/2022,11468,10995.2,11468.47,10966.53,1.62B,4.41%
11/29/2022,10983.78,11060.02,11086.02,10944.37,783.46M,-0.59%
11/28/2022,11049.5,11147.57,11217.75,11020.69,811.96M,-1.58%
11/25/2022,11226.36,11231,11261.57,11206.38,377.17M,-0.52%
11/23/2022,11285.32,11174.61,11310.82,11174.61,695.12M,0.99%
11/22/2022,11174.41,11058.56,11179.87,10975.66,758.80M,1.36%
11/21/2022,11024.51,11091.01,11128.78,10999.75,765.20M,-1.09%
11/18/2022,11146.06,11257.01,11259.44,11059.16,846.40M,0.01%
11/17/2022,11144.96,11008.67,11198.84,11006.21,837.39M,-0.35%
11/16/2022,11183.66,11260.09,11286.1,11162.92,887.82M,-1.54%
11/15/2022,11358.41,11474.82,11492.62,11241.15,1.04B,1.45%
11/14/2022,11196.22,11233.9,11350.13,11167.17,983.40M,-1.12%
11/11/2022,11323.33,11124.75,11352.43,11069.83,1.21B,1.88%
11/10/2022,11114.15,10869.17,11119.12,10779.95,1.40B,7.35%
11/09/2022,10353.17,10528.45,10564.97,10344.01,1.04B,-2.48%
11/08/2022,10616.2,10611.53,10745.64,10472.73,994.35M,0.49%
11/07/2022,10564.52,10516.94,10587.96,10428.91,930.25M,0.85%
11/04/2022,10475.25,10548.14,10553.63,10262.93,1.09B,1.28%
11/03/2022,10342.94,10399.45,10486.01,10319.54,1.01B,-1.73%
11/02/2022,10524.8,10885.01,10993.24,10522.9,1.10B,-3.36%
11/01/2022,10890.84,11154.74,11156.35,10881.19,903.26M,-0.89%
10/31/2022,10988.15,11028.43,11047.94,10914,1.08B,-1.03%
10/28/2022,11102.45,10766.2,11117.04,10766.2,977.64M,2.87%
10/27/2022,10792.67,10971.95,10998.73,10780.5,973.52M,-1.63%
10/26/2022,10970.99,10969.02,11205.84,10948.38,1.00B,-2.04%
10/25/2022,11199.12,10996.97,11210.38,10996.97,991.08M,2.25%
10/24/2022,10952.61,10867.07,10983.52,10713.33,921.20M,0.86%
10/21/2022,10859.72,10576.04,10875.72,10542.43,1.02B,2.31%
10/20/2022,10614.84,10657.41,10837.3,10574.55,866.25M,-0.61%
10/19/2022,10680.51,10689.31,10808.04,10592.88,921.13M,-0.85%
10/18/2022,10772.4,10963.99,10972.97,10670.12,929.62M,0.90%
10/17/2022,10675.8,10575.65,10696.59,10569.69,944.31M,3.43%
10/14/2022,10321.39,10742.81,10766.68,10308.81,918.04M,-3.08%
10/13/2022,10649.15,10131.82,10697.71,10088.83,1.05B,2.23%
10/12/2022,10417.1,10437,10494.53,10372.21,823.61M,-0.09%
10/11/2022,10426.19,10484.37,10608.84,10351.98,990.74M,-1.10%
10/10/2022,10542.1,10659.95,10669.93,10449.04,812.52M,-1.04%
10/07/2022,10652.41,10877.28,10891.93,10608.52,1.03B,-3.80%
10/06/2022,11073.31,11129.04,11230.44,11051.27,873.35M,-0.68%
10/05/2022,11148.64,11022.67,11210.32,10910.76,830.23M,-0.25%
10/04/2022,11176.41,11054.72,11189.96,11044.04,1.02B,3.34%
10/03/2022,10815.43,10659.01,10875.46,10577.89,943.34M,2.27%
09/30/2022,10575.62,10697.71,10883.04,10572.33,1.10B,-1.51%
09/29/2022,10737.51,10894.44,10899.47,10623.22,971.92M,-2.84%
09/28/2022,11051.64,10817.53,11101.5,10776.34,953.34M,2.05%
09/27/2022,10829.5,10955.29,11040.99,10741.02,903.37M,0.25%
09/26/2022,10802.92,10833.38,11024,10789.05,949.64M,-0.60%
09/23/2022,10867.93,10952.69,10958.29,10732.72,1.00B,-1.80%
09/22/2022,11066.8,11167.38,11203.77,11024.64,934.35M,-1.37%
09/21/2022,11220.19,11466.21,11613.57,11219,909.35M,-1.79%
09/20/2022,11425.05,11440.14,11520.99,11343.72,861.66M,-0.95%
09/19/2022,11535.02,11338.57,11538.13,11337.83,932.68M,0.76%
09/16/2022,11448.4,11401.21,11460.43,11316.92,3.05B,-0.90%
09/15/2022,11552.36,11633.24,11760.73,11497.11,1.03B,-1.43%
09/14/2022,11719.68,11680.41,11746.83,11602.76,1.05B,0.74%
09/13/2022,11633.57,11908.81,11957.97,11604.43,1.10B,-5.16%
09/12/2022,12266.41,12174.94,12270.19,12169.28,845.28M,1.27%
09/09/2022,12112.31,11958.61,12132.67,11958.61,881.47M,2.11%
09/08/2022,11862.13,11679.86,11896.73,11660.53,875.83M,0.60%
09/07/2022,11791.9,11559.38,11819.07,11555.08,897.12M,2.14%
09/06/2022,11544.91,11643.03,11679.43,11471.5,945.53M,-0.74%
09/02/2022,11630.86,11899.14,11945.91,11573.51,868.07M,-1.31%
09/01/2022,11785.13,11707.44,11798.37,11546.52,974.17M,-0.26%
08/31/2022,11816.2,11972.56,12027.43,11814.17,1.16B,-0.56%
08/30/2022,11883.14,12093.06,12101.85,11790.03,896.27M,-1.12%
08/29/2022,12017.67,12021.05,12124.87,11981.42,798.39M,-1.02%
08/26/2022,12141.71,12630.58,12655.84,12141.52,960.49M,-3.94%
08/25/2022,12639.26,12506.37,12641.26,12471.98,797.23M,1.67%
08/24/2022,12431.53,12375.15,12504.33,12350.16,770.64M,0.41%
08/23/2022,12381.3,12380.37,12490.86,12352.03,763.64M,0.00%
08/22/2022,12381.57,12523.16,12538.55,12353.73,857.72M,-2.55%
08/19/2022,12705.21,12832.27,12859.01,12674.87,998.67M,-2.01%
08/18/2022,12965.34,12937.79,13002.66,12873.49,865.17M,0.21%
08/17/2022,12938.12,12968.63,13053.51,12863.01,977.81M,-1.25%
08/16/2022,13102.55,13082.64,13181.09,12979.24,952.79M,-0.19%
08/15/2022,13128.05,12996.63,13146.06,12993.78,862.20M,0.62%
08/12/2022,13047.19,12866.31,13047.19,12821.22,936.39M,2.09%
08/11/2022,12779.91,12944.82,13026.24,12760.09,1.08B,-0.58%
08/10/2022,12854.8,12793.44,12861.44,12698.61,1.05B,2.89%
08/09/2022,12493.93,12557.49,12582.91,12438.86,1.02B,-1.19%
08/08/2022,12644.46,12703.72,12855.16,12597.75,1.00B,-0.10%
08/05/2022,12657.55,12538.8,12720.44,12525.77,991.77M,-0.50%
08/04/2022,12720.58,12675.04,12736.19,12600.78,1.05B,0.41%
08/03/2022,12668.16,12433.87,12699.64,12425.21,1.10B,2.59%
08/02/2022,12348.76,12287.67,12503.34,12260.48,902.82M,-0.16%
08/01/2022,12368.98,12317.96,12499.72,12271.98,891.53M,-0.18%
07/29/2022,12390.69,12239.69,12426.26,12181.13,1.10B,1.88%
07/28/2022,12162.59,12036.48,12179.09,11886.67,958.80M,1.08%
07/27/2022,12032.42,11756.19,12081.73,11718.38,939.31M,4.06%
07/26/2022,11562.58,11701.53,11711.31,11533.37,834.49M,-1.87%
07/25/2022,11782.67,11837.96,11855.11,11707.53,783.12M,-0.43%
07/22/2022,11834.11,12025.37,12093.02,11767.19,884.72M,-1.87%
07/21/2022,12059.61,11914.15,12060.59,11812.72,840.81M,1.36%
07/20/2022,11897.65,11726.09,11939.96,11703.36,1.01B,1.58%
07/19/2022,11713.15,11515,11721.22,11448.97,974.15M,3.11%
07/18/2022,11360.05,11561.64,11629.03,11322.84,922.80M,-0.81%
07/15/2022,11452.42,11379.36,11454.69,11295.33,947.43M,1.79%
07/14/2022,11251.18,11151.21,11279.97,11005.93,817.49M,0.03%
07/13/2022,11247.58,11056.55,11325.67,11031.27,812.60M,-0.15%
07/12/2022,11264.73,11420.89,11483.17,11207.08,836.73M,-0.95%
07/11/2022,11372.6,11524.49,11541.1,11348.06,844.13M,-2.26%
07/08/2022,11635.31,11503.61,11689.7,11479.77,820.69M,0.12%
07/07/2022,11621.35,11422.6,11644.47,11412.88,916.26M,2.28%
07/06/2022,11361.85,11337.9,11443.15,11250.32,933.39M,0.35%
07/05/2022,11322.24,10964.18,11323.9,10911.45,1.07B,1.75%
07/01/2022,11127.84,11006.83,11132.55,10922.71,930.71M,0.90%
06/30/2022,11028.74,11048.25,11160.92,10850.01,1.16B,-1.33%
06/29/2022,11177.89,11160.22,11226.33,11072.19,1.02B,-0.03%
06/28/2022,11181.54,11542.24,11635.85,11177.68,1.02B,-2.98%
06/27/2022,11524.55,11661.02,11677.49,11487.07,991.61M,-0.72%
06/24/2022,11607.62,11351.31,11613.23,11337.78,4.31B,3.34%
06/23/2022,11232.19,11137.68,11260.27,11046.28,1.03B,1.62%
06/22/2022,11053.08,10941.95,11216.77,10938.06,1.11B,-0.15%
06/21/2022,11069.3,10974.05,11164.99,10974.05,1.19B,2.51%
06/17/2022,10798.35,10697.55,10884.71,10638.72,2.80B,1.43%
06/16/2022,10646.1,10806.02,10831.07,10565.14,1.25B,-4.08%
06/15/2022,11099.16,10968.4,11244.26,10866.39,1.22B,2.50%
06/14/2022,10828.34,10897.43,10926.81,10733.04,953.68M,0.18%
06/13/2022,10809.23,10986.84,11071.48,10775.14,1.21B,-4.68%
06/10/2022,11340.02,11543.88,11569.15,11328.27,1.06B,-3.52%
06/09/2022,11754.23,12016.47,12115.07,11751.98,998.87M,-2.75%
06/08/2022,12086.27,12147.28,12235.78,12052.7,911.77M,-0.73%
06/07/2022,12175.23,11925.81,12194.86,11888.61,900.55M,0.94%
06/06/2022,12061.37,12200.33,12245.4,12004.2,911.01M,0.40%
06/03/2022,12012.73,12097.12,12167.44,11966.62,837.59M,-2.47%
06/02/2022,12316.9,11945.57,12320.12,11901.45,916.66M,2.69%
06/01/2022,11994.46,12176.89,12237.93,11901.43,940.60M,-0.72%
05/31/2022,12081.39,12137.54,12190.08,11942.5,1.77B,-0.41%
05/27/2022,12131.13,11869.69,12131.66,11856.82,942.22M,3.33%
05/26/2022,11740.65,11409.84,11796.97,11406.16,930.42M,2.68%
05/25/2022,11434.74,11225.03,11511.9,11211.85,907.18M,1.51%
05/24/2022,11264.45,11326.44,11351.61,11092.48,924.23M,-2.35%
05/23/2022,11535.27,11396.28,11552.07,11304.56,889.21M,1.59%
05/20/2022,11354.62,11542.67,11552.21,11035.69,1.20B,-0.30%
05/19/2022,11388.5,11364.4,11562.82,11313.31,1.05B,-0.26%
05/18/2022,11418.15,11790.68,11826.22,11381.69,1.03B,-4.73%
05/17/2022,11984.52,11905.57,11988.43,11754.28,1.02B,2.76%
05/16/2022,11662.79,11727.14,11804.59,11627.53,978.06M,-1.20%
05/13/2022,11805,11555.98,11856.71,11510.25,1.23B,3.82%
05/12/2022,11370.96,11199.25,11547.33,11108.76,1.40B,0.06%
05/11/2022,11364.24,11645.57,11844.5,11339.18,1.27B,-3.18%
05/10/2022,11737.67,11900.34,11944.94,11566.28,1.28B,0.98%
05/09/2022,11623.25,11923.03,11990.61,11574.94,1.24B,-4.29%
05/06/2022,12144.66,12246.83,12358.42,11990.15,1.09B,-1.40%
05/05/2022,12317.69,12787.52,12787.52,12183.56,1.10B,-4.99%
05/04/2022,12964.86,12574.73,12985.01,12367.02,1.11B,3.19%
05/03/2022,12563.76,12511.46,12645.83,12460.99,897.83M,0.22%
05/02/2022,12536.02,12331.69,12542.54,12202.41,1.04B,1.63%
04/29/2022,12334.64,12710.42,12861.83,12315.74,1.09B,-4.17%
04/28/2022,12871.53,12712.86,12948.52,12487.86,1.01B,3.06%
04/27/2022,12488.93,12500.88,12703.79,12430.9,942.84M,-0.01%
04/26/2022,12490.74,12918.04,12918.04,12490.74,1.02B,-3.95%
04/25/2022,13004.85,12749.17,13011.45,12722.59,988.04M,1.29%
04/22/2022,12839.29,13168.8,13212.6,12828.02,950.70M,-2.55%
04/21/2022,13174.65,13623.7,13710.69,13140.83,993.83M,-2.07%
04/20/2022,13453.07,13665.38,13678.55,13426.12,871.26M,-1.22%
04/19/2022,13619.66,13312.44,13643.97,13281.22,855.29M,2.15%
04/18/2022,13332.36,13319.39,13414.27,13222.03,832.41M,-0.14%
04/14/2022,13351.08,13647.42,13662.93,13345.22,927.38M,-2.14%
04/13/2022,13643.59,13373.12,13679.43,13353.66,910.79M,2.03%
04/12/2022,13371.57,13584.69,13685.95,13317.74,902.42M,-0.30%
04/11/2022,13411.96,13547.29,13585.08,13401.39,991.30M,-2.18%
04/08/2022,13711,13830.47,13866.06,13693.69,858.45M,-1.34%
04/07/2022,13897.3,13861.49,13978.25,13689.23,931.35M,0.06%
04/06/2022,13888.82,14002.58,14032.84,13788.9,1.09B,-2.22%
04/05/2022,14204.17,14490.26,14500.29,14169.12,930.40M,-2.26%
04/04/2022,14532.55,14304.35,14534.38,14286.45,915.41M,1.90%
04/01/2022,14261.5,14269.53,14306.94,14131.81,1.02B,0.29%
03/31/2022,14220.52,14444.78,14456.74,14217.73,1.10B,-1.54%
03/30/2022,14442.27,14558.59,14609.25,14383.45,1.01B,-1.21%
03/29/2022,14619.64,14500.39,14646.9,14419.4,1.09B,1.84%
03/28/2022,14354.9,14177.21,14356,14101.34,892.94M,1.31%
03/25/2022,14169.3,14194.72,14218.76,14010.79,941.78M,-0.16%
03/24/2022,14191.84,14001.32,14193.55,13897.2,916.74M,1.93%
03/23/2022,13922.6,13990.35,14152.14,13921.65,961.73M,-1.32%
03/22/2022,14108.82,13866.43,14141.07,13857.29,1.10B,1.95%
03/21/2022,13838.46,13860.39,13945.81,13682.55,1.14B,-0.40%
03/18/2022,13893.84,13564.63,13899.28,13528.06,2.85B,2.05%
03/17/2022,13614.78,13360.72,13620.8,13317.14,1.14B,1.33%
03/16/2022,13436.55,13119.36,13440.12,12992.2,1.41B,3.77%
03/15/2022,12948.62,12685.23,12973.88,12616.59,1.13B,2.92%
03/14/2022,12581.22,12795.12,12918.01,12555.35,1.21B,-2.04%
03/11/2022,12843.81,13229.77,13239.35,12830.37,1.02B,-2.18%
03/10/2022,13129.96,13098.35,13163.5,12946.28,961.59M,-0.95%
03/09/2022,13255.55,13113.7,13301.16,13039.79,1.12B,3.59%
03/08/2022,12795.55,12800.04,13159.44,12670.08,1.34B,-0.28%
03/07/2022,12830.96,13328.36,13353.28,12828.02,1.29B,-3.62%
03/04/2022,13313.44,13455.23,13486.71,13224.98,1.04B,-1.66%
03/03/2022,13537.94,13837.59,13837.59,13472.64,1.03B,-1.56%
03/02/2022,13752.02,13597.53,13796.55,13493.91,1.03B,1.62%
03/01/2022,13532.46,13716.7,13777.04,13441.32,1.24B,-1.59%
02/28/2022,13751.4,13570.83,13810.64,13549.9,1.39B,0.41%
02/25/2022,13694.62,13485.26,13696.86,13358.29,978.45M,1.64%
02/24/2022,13473.58,12587.88,13486.11,12587.88,1.38B,3.34%
02/23/2022,13037.49,13511.75,13533.78,13032.17,944.40M,-2.57%
02/22/2022,13381.52,13424.36,13618.72,13249.65,1.02B,-1.23%
02/18/2022,13548.07,13735.4,13762.4,13465.56,1.02B,-1.23%
02/17/2022,13716.72,14004.19,14020.82,13704.7,922.82M,-2.88%
02/16/2022,14124.09,14038.92,14163.73,13931.99,838.99M,-0.11%
02/15/2022,14139.76,13997.18,14142.49,13976.29,903.09M,2.53%
02/14/2022,13790.92,13768.97,13921.71,13664.76,936.80M,0.00%
02/11/2022,13791.15,14213.62,14246.7,13733.16,1.08B,-2.78%
02/10/2022,14185.64,14228.68,14509.56,14118.2,1.06B,-2.10%
02/09/2022,14490.37,14368.16,14490.72,14330.87,935.01M,2.08%
02/08/2022,14194.45,13984.43,14226.48,13934.78,865.50M,1.28%
02/07/2022,14015.67,14118.79,14236.31,13974.1,858.02M,-0.58%
02/04/2022,14098.01,13958.48,14222.76,13850.39,862.97M,1.58%
02/03/2022,13878.82,14045.83,14207.89,13851.75,945.51M,-3.74%
02/02/2022,14417.55,14494.47,14504.82,14264.65,1.00B,0.50%
02/01/2022,14346,14277.43,14358.69,14070.77,962.00M,0.75%
01/31/2022,14239.88,13812.19,14242.9,13767.71,1.24B,3.41%
01/28/2022,13770.57,13436.71,13771.91,13236.56,1.06B,3.13%
01/27/2022,13352.78,13710.99,13765.91,13322.66,1.07B,-1.40%
01/26/2022,13542.12,13871.77,14002.65,13392.19,1.18B,0.02%
01/25/2022,13539.3,13610.87,13781.62,13414.14,1.04B,-2.28%
01/24/2022,13855.13,13481.5,13876.61,13094.65,1.55B,0.63%
01/21/2022,13768.92,14046.22,14171.72,13764.24,1.32B,-2.72%
01/20/2022,14154.02,14462.85,14642.03,14140.78,1.02B,-1.30%
01/19/2022,14340.25,14582.22,14658.89,14331.65,935.06M,-1.15%
01/18/2022,14506.9,14681.83,14740.54,14482.94,1.06B,-2.60%
01/14/2022,14893.75,14708.02,14897.67,14689.43,872.56M,0.59%
01/13/2022,14806.81,15245.04,15259.71,14782.24,852.15M,-2.51%
01/12/2022,15188.39,15263.1,15319.03,15117.29,840.02M,0.23%
01/11/2022,15153.45,14919.26,15158.71,14837.64,863.02M,1.41%
01/10/2022,14942.83,14751.78,14953.85,14530.23,1.09B,0.05%
01/07/2022,14935.9,15095.72,15171.02,14877.63,852.53M,-0.96%
01/06/2022,15080.86,15024.15,15198.45,14914.87,951.12M,-0.13%
01/05/2022,15100.17,15547.16,15586.3,15095.18,1.01B,-3.34%
01/04/2022,15622.72,15852.14,15852.14,15512.41,970.70M,-1.33%
01/03/2022,15832.8,15732.5,15832.8,15644.09,871.65M,1.20%
