Date,Close,Άνοιγμα,Υψηλό,Χαμηλό,Όγκος,Αλλ.%
06.12.2024,"39.091,17","39.371,56","39.468,47","38.940,44","1,02B","-0,77%"
05.12.2024,"39.395,60","39.610,43","39.632,30","39.323,04","1,16B","0,30%"
04.12.2024,"39.276,39","39.354,00","39.417,08","39.062,03","1,19B","0,07%"
03.12.2024,"39.248,86","38.748,65","39.427,37","38.746,05","1,42B","1,91%"
02.12.2024,"38.513,02","38.216,95","38.552,41","37.958,55","1,10B","0,80%"
29.11.2024,"38.208,03","38.205,08","38.270,06","37.986,97","1,02B","-0,37%"
28.11.2024,"38.349,06","37.935,94","38.478,32","37.801,62","1,03B","0,56%"
27.11.2024,"38.134,97","38.327,86","38.332,45","37.988,99","1,21B","-0,80%"
26.11.2024,"38.442,00","38.596,76","38.596,76","38.020,08","1,23B","-0,87%"
25.11.2024,"38.780,14","38.679,93","39.053,64","38.672,17","1,92B","1,30%"
22.11.2024,"38.283,85","38.146,98","38.420,63","38.085,13","1,03B","0,68%"
21.11.2024,"38.026,17","38.352,87","38.374,69","37.945,21","1,02B","-0,85%"
20.11.2024,"38.352,34","38.475,70","38.520,45","38.180,15","1,04B","-0,16%"
19.11.2024,"38.414,43","38.396,72","38.560,10","38.246,36","1,09B","0,51%"
18.11.2024,"38.220,85","38.259,59","38.548,30","38.150,39","1,06B","-1,09%"
15.11.2024,"38.642,91","38.749,56","39.101,64","38.642,91","1,44B","0,28%"
14.11.2024,"38.535,70","38.911,04","39.084,44","38.535,70","1,34B","-0,48%"
13.11.2024,"38.721,66","39.317,15","39.377,24","38.600,26","1,50B","-1,66%"
12.11.2024,"39.376,09","39.642,78","39.866,72","39.137,89","1,63B","-0,40%"
11.11.2024,"39.533,32","39.417,21","39.598,74","39.315,61","1,23B","0,08%"
08.11.2024,"39.500,37","39.783,45","39.818,41","39.377,87","1,59B","0,30%"
07.11.2024,"39.381,41","39.745,23","39.884,01","39.020,22","1,90B","-0,25%"
06.11.2024,"39.480,67","38.677,95","39.664,53","38.662,17","1,71B","2,61%"
05.11.2024,"38.474,90","38.274,22","38.620,19","38.159,73","1,20B","1,11%"
04.11.2024,"38.053,67","38.504,35","38.512,83","37.946,66","1,30B","0,00%"
01.11.2024,"38.053,67","38.504,35","38.512,83","37.946,66","1,30B","-2,63%"
31.10.2024,"39.081,25","39.179,72","39.249,21","38.832,21","1,44B","-0,50%"
30.10.2024,"39.277,39","39.102,89","39.417,88","39.094,30","2,22B","0,96%"
29.10.2024,"38.903,68","38.524,30","38.903,68","38.416,85","973,81M","0,77%"
28.10.2024,"38.605,53","37.757,95","38.740,17","37.757,95","1,17B","1,82%"
25.10.2024,"37.913,92","37.954,78","38.028,14","37.713,00","907,43M","-0,60%"
24.10.2024,"38.143,29","37.804,52","38.320,39","37.712,19","1,09B","0,10%"
23.10.2024,"38.104,86","38.397,28","38.514,33","37.987,62","954,33M","-0,80%"
22.10.2024,"38.411,96","38.933,60","38.995,03","38.200,82","1,10B","-1,39%"
21.10.2024,"38.954,60","38.960,20","39.119,67","38.775,59","989,67M","-0,07%"
18.10.2024,"38.981,75","39.092,47","39.186,64","38.893,52","956,91M","0,18%"
17.10.2024,"38.911,19","39.263,82","39.299,74","38.911,19","1,07B","-0,69%"
16.10.2024,"39.180,30","39.362,63","39.362,63","39.062,85","1,08B","-1,83%"
15.10.2024,"39.910,55","40.047,15","40.257,34","39.910,55","1,29B","0,77%"
11.10.2024,"39.605,80","39.636,87","39.668,93","39.415,26","1,11B","0,57%"
10.10.2024,"39.380,89","39.575,80","39.616,59","39.282,19","1,03B","0,26%"
09.10.2024,"39.277,96","39.385,49","39.456,28","39.115,63","1,07B","0,87%"
08.10.2024,"38.937,54","39.021,13","39.117,09","38.817,54","1,20B","-1,00%"
07.10.2024,"39.332,74","39.239,92","39.560,78","39.195,93","1,28B","1,80%"
04.10.2024,"38.635,62","38.594,73","38.735,29","38.501,82","1,21B","0,22%"
03.10.2024,"38.552,06","38.459,13","38.856,75","38.457,62","1,27B","1,97%"
02.10.2024,"37.808,76","38.136,20","38.213,54","37.651,07","1,40B","-2,18%"
01.10.2024,"38.651,97","38.232,47","38.718,13","38.232,47","1,32B","1,93%"
30.09.2024,"37.919,55","39.117,83","39.126,36","37.797,91","1,90B","-4,80%"
27.09.2024,"39.829,56","39.108,27","39.829,56","38.917,98","1,62B","2,32%"
26.09.2024,"38.925,63","38.266,79","38.925,63","38.240,65","1,41B","2,79%"
25.09.2024,"37.870,26","37.947,35","38.109,24","37.868,84","1,08B","-0,19%"
24.09.2024,"37.940,59","38.171,36","38.427,15","37.902,99","1,13B","0,57%"
20.09.2024,"37.723,91","37.714,07","37.974,72","37.654,11","1,63B","1,53%"
19.09.2024,"37.155,33","36.958,93","37.394,52","36.958,93","1,14B","2,13%"
18.09.2024,"36.380,17","36.546,04","36.675,07","36.127,45","998,93M","0,49%"
17.09.2024,"36.203,22","36.601,93","36.663,18","35.828,54","1,27B","-1,03%"
13.09.2024,"36.581,76","36.882,41","36.887,40","36.441,34","1,16B","-0,68%"
12.09.2024,"36.833,27","36.185,62","36.902,21","36.172,26","1,26B","3,41%"
11.09.2024,"35.619,77","36.029,90","36.056,87","35.253,43","1,28B","-1,49%"
10.09.2024,"36.159,16","36.386,12","36.537,03","36.001,58","1,12B","-0,16%"
09.09.2024,"36.215,75","35.805,82","36.248,12","35.247,87","1,18B","-0,48%"
06.09.2024,"36.391,47","36.815,00","36.898,28","36.235,61","1,12B","-0,72%"
05.09.2024,"36.657,09","36.536,25","37.099,96","36.359,23","1,11B","-1,05%"
04.09.2024,"37.047,61","38.039,91","38.080,02","36.879,33","1,44B","-4,24%"
03.09.2024,"38.686,31","38.745,76","38.967,56","38.581,55","912,46M","-0,04%"
02.09.2024,"38.700,87","39.025,31","39.080,64","38.476,51","870,88M","0,14%"
30.08.2024,"38.647,75","38.388,04","38.669,79","38.316,87","1,37B","0,74%"
29.08.2024,"38.362,53","38.119,95","38.401,15","37.970,20","1,06B","-0,02%"
28.08.2024,"38.371,76","38.221,38","38.399,91","38.141,49","886,72M","0,22%"
27.08.2024,"38.288,62","38.066,31","38.365,64","37.911,32","842,83M","0,47%"
26.08.2024,"38.110,22","38.156,41","38.204,81","37.825,31","917,04M","-0,66%"
23.08.2024,"38.364,27","38.278,18","38.424,27","38.053,47","897,68M","0,40%"
22.08.2024,"38.211,01","38.033,78","38.408,19","37.883,86","927,61M","0,68%"
21.08.2024,"37.951,80","37.653,34","38.026,02","37.605,83","947,82M","-0,29%"
20.08.2024,"38.062,92","37.847,85","38.236,39","37.738,30","1,11B","1,80%"
19.08.2024,"37.388,62","37.863,76","38.125,27","37.318,04","1,08B","-1,77%"
16.08.2024,"38.062,67","37.304,93","38.143,55","37.304,93","1,29B","3,64%"
15.08.2024,"36.726,64","36.381,40","36.885,16","36.381,40","1,20B","0,78%"
14.08.2024,"36.442,43","36.535,60","36.683,89","36.074,71","1,36B","0,58%"
13.08.2024,"36.232,51","35.490,58","36.232,51","35.476,79",,"0,00%"
13.08.2024,"36.232,51","35.490,58","36.232,51","35.476,79","1,41B","3,45%"
09.08.2024,"35.025,00","35.272,34","35.671,31","34.445,57","1,77B","0,56%"
08.08.2024,"34.831,15","34.645,79","35.379,65","34.207,16","1,65B","-0,74%"
07.08.2024,"35.089,62","34.122,35","35.849,77","33.739,46","2,43B","1,19%"
06.08.2024,"34.675,46","32.077,33","34.911,80","32.077,33","2,51B","10,23%"
05.08.2024,"31.458,42","35.249,36","35.301,18","31.156,12","2,86B","-12,40%"
02.08.2024,"35.909,70","37.444,17","37.471,52","35.880,15","2,04B","-5,81%"
01.08.2024,"38.126,33","38.781,56","38.781,56","37.737,88","1,79B","-2,49%"
31.07.2024,"39.101,82","38.140,77","39.188,37","37.954,38","1,46B","1,49%"
30.07.2024,"38.525,95","38.241,35","38.531,16","38.076,70","1,10B","0,15%"
29.07.2024,"38.468,63","38.139,12","38.719,70","38.010,01","1,07B","2,13%"
26.07.2024,"37.667,41","37.792,87","38.105,96","37.611,19","1,24B","-0,53%"
25.07.2024,"37.869,51","38.524,20","38.557,79","37.825,58","1,43B","-3,28%"
24.07.2024,"39.154,85","39.336,74","39.643,27","39.096,50","1,10B","-1,11%"
23.07.2024,"39.594,39","39.864,09","39.927,89","39.519,91","883,16M","-0,01%"
22.07.2024,"39.599,00","39.947,95","39.973,20","39.519,39","827,47M","-1,16%"
19.07.2024,"40.063,79","39.965,91","40.212,90","39.824,58","998,32M","-0,16%"
18.07.2024,"40.126,35","40.521,71","40.587,63","40.104,22","1,18B","-2,36%"
17.07.2024,"41.097,69","41.416,18","41.466,45","41.054,72","1,10B","-0,43%"
16.07.2024,"41.275,08","41.366,79","41.520,07","41.220,65","1,01B","0,20%"
12.07.2024,"41.190,68","41.668,86","41.754,76","41.188,29","1,30B","-2,45%"
11.07.2024,"42.224,02","42.343,72","42.426,77","42.102,46","1,23B","0,94%"
10.07.2024,"41.831,99","41.444,33","41.889,16","41.430,38","1,34B","0,61%"
09.07.2024,"41.580,17","40.953,41","41.769,35","40.942,44","1,18B","1,96%"
08.07.2024,"40.780,70","40.863,14","41.112,24","40.780,70","1,13B","-0,32%"
05.07.2024,"40.912,37","41.009,36","41.100,13","40.746,89","1,14B","0,00%"
04.07.2024,"40.913,65","40.747,59","40.971,23","40.604,15","1,18B","0,82%"
03.07.2024,"40.580,76","40.225,83","40.694,21","40.172,85","1,26B","1,26%"
02.07.2024,"40.074,69","39.543,61","40.113,48","39.457,62","1,35B","1,12%"
01.07.2024,"39.631,06","39.839,82","39.942,69","39.537,10","1,19B","0,12%"
28.06.2024,"39.583,08","39.593,01","39.783,70","39.485,73","1,24B","0,61%"
27.06.2024,"39.341,54","39.434,47","39.439,24","39.193,51","1,15B","-0,82%"
26.06.2024,"39.667,07","39.364,73","39.788,63","39.233,56","1,09B","1,26%"
25.06.2024,"39.173,15","38.833,90","39.215,07","38.758,07","1,08B","0,95%"
24.06.2024,"38.804,65","38.497,42","38.905,47","38.416,07","934,57M","0,54%"
21.06.2024,"38.596,47","38.608,66","38.795,68","38.532,13","1,41B","-0,09%"
20.06.2024,"38.633,02","38.410,32","38.637,62","38.263,08","880,45M","0,16%"
19.06.2024,"38.570,76","38.653,91","38.797,97","38.453,41","936,08M","0,23%"
18.06.2024,"38.482,11","38.433,48","38.519,02","38.332,89","970,82M","1,00%"
17.06.2024,"38.102,44","38.440,98","38.442,70","37.950,20","1,07B","-1,83%"
14.06.2024,"38.814,56","38.587,57","39.025,70","38.554,75","1,57B","0,24%"
13.06.2024,"38.720,47","39.182,06","39.252,44","38.689,79","1,16B","-0,40%"
12.06.2024,"38.876,71","38.865,15","38.945,99","38.809,36","1,08B","-0,66%"
11.06.2024,"39.134,79","39.175,59","39.336,66","39.074,88","933,29M","0,25%"
10.06.2024,"39.038,16","38.689,78","39.081,54","38.689,78","892,25M","0,92%"
07.06.2024,"38.683,93","38.597,55","38.747,27","38.560,85","962,36M","-0,05%"
06.06.2024,"38.703,51","38.841,66","39.011,93","38.693,50","1,19B","0,55%"
05.06.2024,"38.490,17","38.654,09","38.656,41","38.343,98","1,19B","-0,89%"
04.06.2024,"38.837,46","38.702,54","38.895,06","38.591,79","1,18B","-0,22%"
03.06.2024,"38.923,03","38.734,95","39.032,50","38.734,95","1,16B","1,13%"
31.05.2024,"38.487,90","38.173,22","38.526,93","38.087,61","2,11B","1,14%"
30.05.2024,"38.054,13","38.112,77","38.138,03","37.617,00","1,17B","-1,30%"
29.05.2024,"38.556,87","38.880,50","39.141,99","38.524,24","1,24B","-0,77%"
28.05.2024,"38.855,37","38.879,15","38.981,97","38.756,13","1,01B","-0,11%"
27.05.2024,"38.900,02","38.766,21","38.900,02","38.667,93","942,39M","0,66%"
24.05.2024,"38.646,11","38.506,03","38.740,82","38.367,70","963,06M","-1,17%"
23.05.2024,"39.103,22","38.803,13","39.129,47","38.617,43","1,08B","1,26%"
22.05.2024,"38.617,10","38.823,91","38.854,99","38.592,94","1,06B","-0,85%"
21.05.2024,"38.946,93","39.232,16","39.346,15","38.942,28","1,07B","-0,31%"
20.05.2024,"39.069,68","38.761,71","39.437,16","38.703,70","1,27B","0,73%"
17.05.2024,"38.787,38","38.561,04","38.842,49","38.539,56","1,33B","-0,34%"
16.05.2024,"38.920,26","38.645,96","38.949,38","38.513,33","1,58B","1,39%"
15.05.2024,"38.385,73","38.533,09","38.816,60","38.335,61","1,46B","0,08%"
14.05.2024,"38.356,06","38.287,99","38.477,68","38.084,71","1,43B","0,46%"
13.05.2024,"38.179,46","38.211,61","38.273,40","37.969,58","1,29B","-0,13%"
10.05.2024,"38.229,11","38.361,79","38.741,88","38.126,91","1,67B","0,41%"
09.05.2024,"38.073,98","38.242,92","38.429,81","38.072,24","1,19B","-0,34%"
08.05.2024,"38.202,37","38.677,57","38.749,35","38.159,85","1,20B","-1,63%"
07.05.2024,"38.835,10","38.636,23","38.863,14","38.541,97","1,15B","1,57%"
02.05.2024,"38.236,07","38.004,01","38.355,60","37.958,19","1,02B","-0,10%"
01.05.2024,"38.274,05","38.107,38","38.433,34","38.036,24","1,09B","-0,34%"
30.04.2024,"38.405,66","38.312,66","38.608,17","38.182,11","1,51B","1,24%"
26.04.2024,"37.934,76","37.725,61","38.097,54","37.550,70","1,25B","0,81%"
25.04.2024,"37.628,48","38.065,91","38.129,53","37.604,23","1,14B","-2,16%"
24.04.2024,"38.460,08","37.871,92","38.460,08","37.857,47","1,21B","2,42%"
23.04.2024,"37.552,16","37.797,06","37.817,78","37.397,27","959,27M","0,30%"
22.04.2024,"37.438,61","37.240,93","37.511,80","37.052,63","1,19B","1,00%"
19.04.2024,"37.068,35","37.724,47","37.749,48","36.733,06","1,55B","-2,66%"
18.04.2024,"38.079,70","37.745,04","38.216,75","37.644,91","1,06B","0,31%"
17.04.2024,"37.961,80","38.587,47","38.587,61","37.961,80","1,21B","-1,32%"
16.04.2024,"38.471,20","38.750,67","38.764,82","38.322,32","1,33B","-1,94%"
15.04.2024,"39.232,80","39.056,93","39.232,80","38.820,95","1,07B","-0,74%"
12.04.2024,"39.523,55","39.722,02","39.774,82","39.457,73","1,07B","0,21%"
11.04.2024,"39.442,63","39.090,68","39.473,48","39.065,31","1,07B","-0,35%"
10.04.2024,"39.581,81","39.582,33","39.708,70","39.510,48","974,16M","-0,48%"
09.04.2024,"39.773,13","39.496,95","39.773,13","39.476,13","1,06B","1,08%"
08.04.2024,"39.347,04","39.391,98","39.617,36","39.197,00","1,08B","0,91%"
05.04.2024,"38.992,08","39.237,39","39.274,76","38.774,24","1,30B","-1,96%"
04.04.2024,"39.773,14","39.928,33","40.243,02","39.773,14","1,45B","0,81%"
03.04.2024,"39.451,85","39.503,72","39.625,90","39.217,04","1,23B","-0,97%"
02.04.2024,"39.838,91","39.892,59","40.151,05","39.707,87","1,16B","0,09%"
01.04.2024,"39.803,09","40.646,70","40.697,22","39.706,45","1,35B","-1,40%"
29.03.2024,"40.369,44","40.277,45","40.521,71","40.268,11","1,22B","0,50%"
28.03.2024,"40.168,07","40.324,42","40.482,02","40.054,06","1,36B","-1,46%"
27.03.2024,"40.762,73","40.517,17","40.979,36","40.452,21","1,21B","0,90%"
26.03.2024,"40.398,03","40.345,04","40.529,53","40.280,85","1,01B","-0,04%"
25.03.2024,"40.414,12","40.798,96","40.837,18","40.414,12","1,01B","-1,16%"
22.03.2024,"40.888,43","40.942,88","41.087,75","40.714,14","1,36B","0,18%"
21.03.2024,"40.815,66","40.511,55","40.823,32","40.452,19","1,57B","2,03%"
19.03.2024,"40.003,60","39.622,58","40.003,60","39.407,50","1,35B","0,66%"
18.03.2024,"39.740,44","38.960,99","39.769,11","38.935,47","1,29B","2,67%"
15.03.2024,"38.707,64","38.548,16","38.808,68","38.519,94","1,67B","-0,26%"
14.03.2024,"38.807,38","38.591,73","38.840,33","38.400,17","1,11B","0,29%"
13.03.2024,"38.695,97","39.059,95","39.147,80","38.452,57","1,05B","-0,26%"
12.03.2024,"38.797,51","38.470,39","38.841,80","38.271,38","1,13B","-0,06%"
11.03.2024,"38.820,49","39.232,14","39.241,28","38.496,66","1,33B","-2,19%"
08.03.2024,"39.688,94","39.809,56","39.989,33","39.551,60","1,43B","0,23%"
07.03.2024,"39.598,71","40.331,06","40.472,11","39.518,40","1,37B","-1,23%"
06.03.2024,"40.090,78","39.792,37","40.147,77","39.769,04","1,13B","-0,02%"
05.03.2024,"40.097,63","39.881,73","40.226,99","39.840,34","1,15B","-0,03%"
04.03.2024,"40.109,23","40.201,76","40.314,64","40.001,55","1,19B","0,50%"
01.03.2024,"39.910,82","39.254,69","39.990,23","39.224,64","1,23B","1,90%"
29.02.2024,"39.166,19","38.935,53","39.250,12","38.876,81","1,66B","-0,11%"
28.02.2024,"39.208,03","39.189,22","39.283,95","39.075,47","1,20B","-0,08%"
27.02.2024,"39.239,52","39.260,78","39.426,29","39.113,03","1,19B","0,01%"
26.02.2024,"39.233,71","39.320,64","39.388,08","39.181,03","1,26B","0,35%"
22.02.2024,"39.098,68","38.508,07","39.156,97","38.508,07","1,23B","2,19%"
21.02.2024,"38.262,16","38.191,97","38.339,70","38.095,15","1,05B","-0,26%"
20.02.2024,"38.363,61","38.510,37","38.742,33","38.288,04","1,08B","-0,28%"
19.02.2024,"38.470,38","38.473,41","38.555,84","38.281,70","1,02B","-0,04%"
16.02.2024,"38.487,24","38.517,37","38.865,06","38.361,55","1,52B","0,86%"
15.02.2024,"38.157,94","38.017,83","38.188,74","37.935,36","1,30B","1,21%"
14.02.2024,"37.703,32","37.712,87","37.825,85","37.594,47","1,20B","-0,69%"
13.02.2024,"37.963,97","37.248,36","38.010,69","37.184,10","1,41B","2,89%"
09.02.2024,"36.897,42","36.915,44","37.287,26","36.807,03","1,47B","0,09%"
08.02.2024,"36.863,28","36.258,84","36.956,97","36.206,20","1,51B","2,06%"
07.02.2024,"36.119,92","36.002,99","36.195,50","35.854,63","1,27B","-0,11%"
06.02.2024,"36.160,66","36.249,08","36.294,48","36.065,98","1,35B","-0,53%"
05.02.2024,"36.354,16","36.419,34","36.452,62","36.213,00","1,31B","0,54%"
02.02.2024,"36.158,02","36.249,99","36.441,09","36.083,61","1,15B","0,41%"
01.02.2024,"36.011,46","36.008,56","36.146,36","35.924,60","1,18B","-0,76%"
31.01.2024,"36.286,71","35.747,89","36.292,53","35.704,58","1,11B","0,61%"
30.01.2024,"36.065,86","36.196,64","36.249,03","36.039,31","878,99M","0,11%"
29.01.2024,"36.026,94","35.814,29","36.186,87","35.813,77","955,09M","0,77%"
26.01.2024,"35.751,07","36.003,00","36.060,40","35.687,58","1,10B","-1,34%"
25.01.2024,"36.236,47","36.213,14","36.312,36","35.912,54","945,90M","0,03%"
24.01.2024,"36.226,48","36.415,66","36.471,39","36.104,89","1,09B","-0,80%"
23.01.2024,"36.517,57","36.605,30","36.984,51","36.436,07","1,11B","-0,08%"
22.01.2024,"36.546,95","36.294,10","36.571,80","36.225,91","1,00B","1,62%"
19.01.2024,"35.963,27","35.913,72","36.076,23","35.790,07","1,04B","1,40%"
18.01.2024,"35.466,17","35.371,25","35.728,09","35.371,25","1,00B","-0,03%"
17.01.2024,"35.477,75","35.850,18","36.239,22","35.476,52","1,40B","-0,40%"
16.01.2024,"35.619,18","35.909,20","35.955,68","35.587,53","1,03B","-0,79%"
15.01.2024,"35.901,79","35.634,12","36.008,23","35.544,32","1,06B","0,91%"
12.01.2024,"35.577,11","35.601,65","35.839,65","35.362,24","1,29B","1,50%"
11.01.2024,"35.049,86","34.871,33","35.157,56","34.849,57","1,30B","1,77%"
10.01.2024,"34.441,72","33.896,33","34.539,02","33.885,74","1,06B","2,01%"
09.01.2024,"33.763,18","33.704,83","33.990,28","33.600,32","1,12B","1,16%"
05.01.2024,"33.377,42","33.397,52","33.568,04","33.257,43","1,15B","0,27%"
04.01.2024,"33.288,29","33.193,05","33.299,39","32.693,18","1,17B","-0,53%"
29.12.2023,"33.464,17","33.458,64","33.652,71","33.305,17","890,36M","-0,22%"
28.12.2023,"33.539,62","33.477,47","33.571,73","33.411,24","733,10M","-0,42%"
27.12.2023,"33.681,24","33.532,97","33.755,75","33.521,52","936,83M","1,13%"
26.12.2023,"33.305,85","33.295,68","33.312,26","33.181,36","682,66M","0,16%"
25.12.2023,"33.254,03","33.414,51","33.414,51","33.221,57","589,43M","0,26%"
22.12.2023,"33.169,05","33.257,95","33.375,19","33.151,70","894,13M","0,09%"
21.12.2023,"33.140,47","33.276,81","33.337,84","33.097,79","955,77M","-1,59%"
20.12.2023,"33.675,94","33.467,32","33.824,06","33.467,32","1,18B","1,37%"
19.12.2023,"33.219,39","32.774,21","33.219,39","32.654,43","1,06B","1,41%"
18.12.2023,"32.758,98","32.769,23","32.790,58","32.541,23","1,07B","-0,64%"
15.12.2023,"32.970,55","32.760,56","33.122,33","32.732,66","1,41B","0,87%"
14.12.2023,"32.686,25","33.032,30","33.120,55","32.515,04","1,33B","-0,73%"
13.12.2023,"32.926,35","32.973,47","33.104,47","32.864,38","999,52M","0,25%"
12.12.2023,"32.843,70","33.107,65","33.172,13","32.800,24","980,67M","0,16%"
11.12.2023,"32.791,80","32.665,09","32.933,08","32.650,10","1,06B","1,50%"
08.12.2023,"32.307,86","32.600,47","32.604,35","32.205,38","1,44B","-1,68%"
07.12.2023,"32.858,31","33.165,72","33.195,87","32.814,69","1,05B","-1,76%"
06.12.2023,"33.445,90","32.928,92","33.452,13","32.914,09","912,04M","2,04%"
05.12.2023,"32.775,82","33.022,38","33.089,82","32.726,68","860,88M","-1,37%"
04.12.2023,"33.231,27","33.318,07","33.324,38","33.023,04","873,02M","-0,60%"
01.12.2023,"33.431,51","33.537,44","33.551,57","33.397,42","875,99M","-0,17%"
30.11.2023,"33.486,89","33.260,14","33.486,89","33.161,07","1,52B","0,50%"
29.11.2023,"33.321,22","33.244,43","33.516,23","33.179,07","892,29M","-0,26%"
28.11.2023,"33.408,39","33.520,39","33.545,85","33.298,04","840,97M","-0,12%"
27.11.2023,"33.447,67","33.710,03","33.811,41","33.397,04","827,18M","-0,53%"
24.11.2023,"33.625,53","33.752,05","33.817,86","33.622,57","806,95M","0,52%"
22.11.2023,"33.451,83","33.182,99","33.593,50","33.182,99","756,23M","0,29%"
21.11.2023,"33.354,14","33.453,15","33.460,32","33.254,73","919,15M","-0,10%"
20.11.2023,"33.388,03","33.559,62","33.853,46","33.352,69","948,80M","-0,59%"
17.11.2023,"33.585,20","33.344,85","33.599,63","33.263,67","932,14M","0,48%"
16.11.2023,"33.424,41","33.399,59","33.614,13","33.233,84","941,90M","-0,28%"
15.11.2023,"33.519,70","33.112,31","33.556,52","33.096,93","1,24B","2,52%"
14.11.2023,"32.695,93","32.760,51","32.836,27","32.667,40","880,91M","0,34%"
13.11.2023,"32.585,11","32.818,15","32.913,31","32.499,28","905,95M","0,05%"
10.11.2023,"32.568,11","32.491,24","32.598,93","32.248,24","1,11B","-0,24%"
09.11.2023,"32.646,46","32.316,39","32.723,71","32.193,20","1,16B","1,49%"
08.11.2023,"32.166,48","32.457,23","32.512,17","32.049,34","1,56B","-0,33%"
07.11.2023,"32.271,82","32.551,77","32.591,11","32.250,93","1,07B","-1,34%"
06.11.2023,"32.708,48","32.450,82","32.766,54","32.395,50","1,39B","2,37%"
02.11.2023,"31.949,89","31.987,02","32.087,13","31.878,36","1,21B","1,10%"
01.11.2023,"31.601,65","31.311,22","31.601,65","31.301,51","1,30B","2,41%"
31.10.2023,"30.858,85","30.694,96","30.973,66","30.552,65","1,34B","0,53%"
30.10.2023,"30.696,96","30.663,48","30.762,50","30.538,29","1,87B","-0,95%"
27.10.2023,"30.991,69","30.713,79","31.081,48","30.687,33","891,07M","1,27%"
26.10.2023,"30.601,78","30.902,92","30.943,33","30.567,61","855,53M","-2,14%"
25.10.2023,"31.269,92","31.302,51","31.466,92","31.195,58","786,64M","0,67%"
24.10.2023,"31.062,35","31.157,01","31.210,26","30.551,67","979,03M","0,20%"
23.10.2023,"30.999,55","31.151,98","31.177,41","30.974,26","735,27M","-0,83%"
20.10.2023,"31.259,36","31.164,89","31.428,97","31.093,90","845,41M","-0,54%"
19.10.2023,"31.430,62","31.579,54","31.669,42","31.399,17","807,31M","-1,91%"
18.10.2023,"32.042,25","32.033,81","32.101,47","31.866,95","832,03M","0,01%"
17.10.2023,"32.040,29","32.063,79","32.260,77","31.901,39","756,18M","1,20%"
16.10.2023,"31.659,03","31.983,04","31.999,79","31.564,31","845,12M","-2,03%"
13.10.2023,"32.315,99","32.328,39","32.533,08","32.249,03","915,45M","-0,55%"
12.10.2023,"32.494,66","32.120,94","32.494,66","32.120,94","1,01B","1,75%"
11.10.2023,"31.936,51","31.847,10","32.037,07","31.804,09","895,07M","0,60%"
10.10.2023,"31.746,53","31.314,67","31.818,26","31.314,67","1,01B","2,43%"
06.10.2023,"30.994,67","31.003,95","31.160,45","30.928,16","945,59M","-0,26%"
05.10.2023,"31.075,36","30.733,65","31.083,90","30.565,32","1,14B","1,80%"
04.10.2023,"30.526,88","30.765,03","30.830,85","30.487,67","1,37B","-2,28%"
03.10.2023,"31.237,94","31.607,97","31.607,97","31.157,40","1,10B","-1,64%"
02.10.2023,"31.759,88","32.101,97","32.401,58","31.759,88","1,03B","-0,31%"
29.09.2023,"31.857,62","32.018,64","32.027,46","31.717,74","1,32B","-0,05%"
28.09.2023,"31.872,52","32.119,37","32.164,45","31.674,42","1,16B","-1,54%"
27.09.2023,"32.371,90","32.023,37","32.371,90","31.960,32","1,06B","0,18%"
26.09.2023,"32.315,05","32.640,05","32.643,41","32.315,05","864,56M","-1,11%"
25.09.2023,"32.678,62","32.517,26","32.722,22","32.388,28","821,09M","0,85%"
22.09.2023,"32.402,41","32.189,32","32.535,67","32.154,53","1,10B","-0,52%"
21.09.2023,"32.571,03","32.865,56","32.939,89","32.550,65","1,08B","-1,37%"
20.09.2023,"33.023,78","33.261,35","33.267,14","32.988,65","1,13B","-0,66%"
19.09.2023,"33.242,59","33.296,23","33.337,23","33.128,86","1,17B","-0,87%"
15.09.2023,"33.533,09","33.428,44","33.634,31","33.391,46","1,67B","1,10%"
14.09.2023,"33.168,10","32.925,54","33.244,45","32.851,24","1,12B","1,41%"
13.09.2023,"32.706,52","32.742,29","32.872,44","32.616,65","981,45M","-0,21%"
12.09.2023,"32.776,37","32.629,16","32.799,69","32.486,48","939,80M","0,95%"
11.09.2023,"32.467,76","32.690,54","32.746,14","32.391,69","842,19M","-0,43%"
08.09.2023,"32.606,84","32.916,25","32.920,43","32.512,80","1,14B","-1,16%"
07.09.2023,"32.991,08","33.118,55","33.322,45","32.986,35","1,00B","-0,75%"
06.09.2023,"33.241,02","33.115,06","33.282,15","33.088,22","941,90M","0,62%"
05.09.2023,"33.036,76","32.941,41","33.036,76","32.784,32","913,44M","0,30%"
04.09.2023,"32.939,18","32.797,32","32.939,18","32.714,94","895,59M","0,70%"
01.09.2023,"32.710,62","32.521,15","32.845,46","32.499,44","884,33M","0,28%"
31.08.2023,"32.619,34","32.361,02","32.692,76","32.359,15","1,15B","0,88%"
30.08.2023,"32.333,46","32.432,95","32.557,45","32.300,56","891,07M","0,33%"
29.08.2023,"32.226,97","32.280,57","32.389,12","32.186,57","774,84M","0,18%"
28.08.2023,"32.169,99","31.915,68","32.205,48","31.881,93","699,22M","1,73%"
25.08.2023,"31.624,28","31.840,91","31.885,53","31.572,06","656,80M","-2,05%"
24.08.2023,"32.287,21","32.130,52","32.297,91","32.063,14","733,96M","0,87%"
23.08.2023,"32.010,26","31.717,91","32.039,60","31.717,91","650,50M","0,48%"
22.08.2023,"31.856,71","31.792,60","31.906,10","31.693,76","701,80M","0,92%"
21.08.2023,"31.565,64","31.552,85","31.758,70","31.409,86","695,11M","0,37%"
18.08.2023,"31.450,76","31.321,26","31.644,89","31.275,25","748,08M","-0,55%"
17.08.2023,"31.626,00","31.621,98","31.704,08","31.309,68","877,12M","-0,44%"
16.08.2023,"31.766,82","31.965,58","31.997,28","31.766,82","848,35M","-1,46%"
15.08.2023,"32.238,89","32.372,53","32.403,93","32.217,52","751,18M","0,56%"
14.08.2023,"32.059,91","32.456,72","32.613,99","32.031,54","955,59M","-1,27%"
10.08.2023,"32.473,65","32.015,96","32.504,85","32.015,96","1,08B","0,84%"
09.08.2023,"32.204,33","32.346,32","32.407,85","32.175,64","1,04B","-0,53%"
08.08.2023,"32.377,29","32.430,61","32.539,88","32.238,59","917,84M","0,38%"
07.08.2023,"32.254,56","31.921,28","32.306,87","31.830,23","941,08M","0,19%"
04.08.2023,"32.192,75","32.019,06","32.294,70","31.934,35","1,07B","0,10%"
03.08.2023,"32.159,28","32.375,85","32.467,06","32.142,25","1,20B","-1,68%"
02.08.2023,"32.707,69","33.123,12","33.158,58","32.628,29","1,24B","-2,30%"
01.08.2023,"33.476,58","33.292,31","33.488,77","33.203,88","1,11B","0,92%"
31.07.2023,"33.172,22","33.128,83","33.402,08","33.025,93","1,34B","1,26%"
28.07.2023,"32.759,23","32.444,42","32.846,97","32.037,55","1,71B","-0,40%"
27.07.2023,"32.891,16","32.523,69","32.938,59","32.503,69","909,02M","0,68%"
26.07.2023,"32.668,34","32.704,96","32.724,25","32.488,52","851,68M","-0,04%"
25.07.2023,"32.682,51","32.705,39","32.715,56","32.509,94","1,01B","-0,06%"
24.07.2023,"32.700,94","32.648,14","32.793,77","32.554,46","834,98M","1,23%"
21.07.2023,"32.304,25","32.336,86","32.462,44","32.080,95","793,86M","-0,57%"
20.07.2023,"32.490,52","32.803,35","32.861,02","32.462,86","756,00M","-1,23%"
19.07.2023,"32.896,03","32.812,36","32.896,03","32.671,03","819,00M","1,24%"
18.07.2023,"32.493,89","32.457,18","32.714,59","32.338,30","811,12M","0,32%"
14.07.2023,"32.391,26","32.587,90","32.780,63","32.225,37","902,83M","-0,09%"
13.07.2023,"32.419,33","32.106,05","32.484,40","31.952,98","777,77M","1,49%"
12.07.2023,"31.943,93","32.280,05","32.312,03","31.791,71","883,89M","-0,81%"
11.07.2023,"32.203,57","32.434,67","32.468,70","32.084,42","871,60M","0,04%"
10.07.2023,"32.189,73","32.393,46","32.558,98","32.065,63","1,01B","-0,61%"
07.07.2023,"32.388,42","32.450,64","32.730,25","32.327,90","1,05B","-1,17%"
06.07.2023,"32.773,02","33.058,40","33.079,45","32.637,72","1,01B","-1,70%"
05.07.2023,"33.338,70","33.165,06","33.389,22","33.041,14","951,33M","-0,25%"
04.07.2023,"33.422,52","33.512,26","33.576,45","33.338,78","993,71M","-0,98%"
03.07.2023,"33.753,33","33.517,60","33.762,81","33.510,55","953,90M","1,70%"
30.06.2023,"33.189,04","33.068,36","33.232,89","32.918,77","1,11B","-0,14%"
29.06.2023,"33.234,14","33.306,84","33.527,98","33.185,20","1,18B","0,12%"
28.06.2023,"33.193,99","32.807,84","33.193,99","32.642,87","911,14M","2,02%"
27.06.2023,"32.538,33","32.629,96","32.689,10","32.306,99","795,82M","-0,49%"
26.06.2023,"32.698,81","32.647,08","32.884,73","32.392,72","740,74M","-0,25%"
23.06.2023,"32.781,54","33.458,35","33.533,47","32.575,56","1,04B","-1,45%"
22.06.2023,"33.264,88","33.438,01","33.641,46","33.232,19","946,65M","-0,92%"
21.06.2023,"33.575,14","33.200,63","33.657,87","33.154,68","820,00M","0,56%"
20.06.2023,"33.388,91","33.269,57","33.474,74","33.089,02","824,13M","0,06%"
19.06.2023,"33.370,42","33.768,69","33.772,89","33.231,56","829,08M","-1,00%"
16.06.2023,"33.706,08","33.399,15","33.772,76","33.186,93","1,32B","0,66%"
15.06.2023,"33.485,49","33.493,69","33.767,13","33.386,01","1,06B","-0,05%"
14.06.2023,"33.502,42","33.331,47","33.665,52","33.203,95","1,12B","1,47%"
13.06.2023,"33.018,65","32.668,95","33.127,36","32.638,21","894,53M","1,80%"
12.06.2023,"32.434,00","32.412,12","32.517,68","32.280,54","687,05M","0,52%"
09.06.2023,"32.265,17","31.927,38","32.304,04","31.898,75","1,02B","1,97%"
08.06.2023,"31.641,27","31.877,79","32.035,95","31.420,45","860,40M","-0,85%"
07.06.2023,"31.913,74","32.618,78","32.708,53","31.913,74","1,12B","-1,82%"
06.06.2023,"32.506,78","31.988,37","32.534,47","31.933,87","824,79M","0,90%"
05.06.2023,"32.217,43","31.864,12","32.217,43","31.798,72","988,37M","2,20%"
02.06.2023,"31.524,22","31.300,72","31.555,54","31.257,01","906,56M","1,21%"
01.06.2023,"31.148,01","30.886,01","31.185,05","30.853,44","950,90M","0,84%"
31.05.2023,"30.887,88","31.057,09","31.142,78","30.785,98","1,85B","-1,41%"
30.05.2023,"31.328,16","31.196,24","31.374,83","31.064,19","718,45M","0,30%"
29.05.2023,"31.233,54","31.388,01","31.560,43","31.164,00","783,28M","1,03%"
26.05.2023,"30.916,31","30.909,61","31.101,60","30.864,49","783,49M","0,37%"
25.05.2023,"30.801,13","30.599,27","30.889,98","30.558,14","839,88M","0,39%"
24.05.2023,"30.682,68","30.728,69","30.856,92","30.566,83","817,09M","-0,89%"
23.05.2023,"30.957,77","31.245,72","31.352,53","30.828,73","921,62M","-0,42%"
22.05.2023,"31.086,82","30.735,71","31.086,82","30.689,27","753,94M","0,90%"
19.05.2023,"30.808,35","30.847,36","30.924,57","30.679,16","805,28M","0,77%"
18.05.2023,"30.573,93","30.432,54","30.667,13","30.381,90","904,86M","1,60%"
17.05.2023,"30.093,59","29.912,44","30.115,32","29.912,44","930,84M","0,84%"
16.05.2023,"29.842,99","29.838,01","29.916,56","29.779,07","1,07B","0,73%"
15.05.2023,"29.626,34","29.547,04","29.629,47","29.475,97","885,87M","0,81%"
12.05.2023,"29.388,30","29.199,30","29.426,06","29.141,52","1,06B","0,90%"
11.05.2023,"29.126,72","29.110,79","29.165,59","29.028,71","822,07M","0,02%"
10.05.2023,"29.122,18","29.189,41","29.195,16","29.070,11","872,76M","-0,41%"
09.05.2023,"29.242,82","29.020,63","29.262,36","29.020,63","863,91M","1,01%"
08.05.2023,"28.949,88","29.095,46","29.144,12","28.931,81","741,49M","-0,71%"
02.05.2023,"29.157,95","29.278,80","29.278,80","29.083,13","639,10M","0,12%"
01.05.2023,"29.123,18","29.058,05","29.145,89","29.016,83","733,68M","0,92%"
28.04.2023,"28.856,44","28.705,91","28.879,24","28.499,51","1,04B","1,40%"
27.04.2023,"28.457,68","28.340,59","28.459,73","28.241,67","735,56M","0,15%"
26.04.2023,"28.416,47","28.478,52","28.551,61","28.319,77","687,06M","-0,71%"
25.04.2023,"28.620,07","28.697,73","28.806,69","28.609,77","593,28M","0,09%"
24.04.2023,"28.593,52","28.631,78","28.680,65","28.567,24","499,53M","0,10%"
21.04.2023,"28.564,37","28.590,55","28.778,37","28.527,80","613,66M","-0,33%"
20.04.2023,"28.657,57","28.472,00","28.694,25","28.442,45","567,42M","0,18%"
19.04.2023,"28.606,76","28.619,84","28.677,22","28.531,54","580,25M","-0,18%"
18.04.2023,"28.658,83","28.567,54","28.698,22","28.520,76","622,73M","0,51%"
17.04.2023,"28.514,78","28.537,99","28.599,75","28.414,98","580,06M","0,07%"
14.04.2023,"28.493,47","28.321,54","28.515,51","28.282,82","728,95M","1,20%"
13.04.2023,"28.156,97","27.952,58","28.163,87","27.952,01","598,59M","0,26%"
12.04.2023,"28.082,70","27.985,93","28.121,46","27.983,97","626,84M","0,57%"
11.04.2023,"27.923,37","27.895,90","28.068,39","27.854,82","648,42M","1,05%"
10.04.2023,"27.633,66","27.658,52","27.737,49","27.597,18","480,31M","0,42%"
07.04.2023,"27.518,31","27.554,37","27.591,15","27.456,25","491,04M","0,17%"
06.04.2023,"27.472,63","27.589,14","27.609,86","27.427,66","732,03M","-1,22%"
05.04.2023,"27.813,26","28.111,04","28.133,57","27.788,77","743,26M","-1,68%"
04.04.2023,"28.287,42","28.213,93","28.287,42","28.139,12","732,69M","0,35%"
03.04.2023,"28.188,15","28.203,35","28.258,91","28.120,71","750,40M","0,52%"
31.03.2023,"28.041,48","28.009,22","28.124,62","27.986,62","911,49M","0,93%"
30.03.2023,"27.782,93","27.827,89","27.876,38","27.630,55","820,32M","-0,36%"
29.03.2023,"27.883,78","27.549,37","27.897,72","27.505,48","838,24M","1,33%"
28.03.2023,"27.518,25","27.573,82","27.603,45","27.432,76","663,56M","0,15%"
27.03.2023,"27.476,87","27.482,39","27.543,48","27.359,72","573,98M","0,33%"
24.03.2023,"27.385,25","27.368,62","27.397,29","27.257,44","595,48M","-0,13%"
23.03.2023,"27.419,61","27.232,97","27.461,97","27.175,63","641,30M","-0,17%"
22.03.2023,"27.466,61","27.298,15","27.520,97","27.267,26","780,72M","1,93%"
20.03.2023,"26.945,67","27.253,73","27.367,18","26.945,67","791,91M","-1,42%"
17.03.2023,"27.333,79","27.232,23","27.356,15","27.071,71","1,01B","1,20%"
16.03.2023,"27.010,61","26.796,67","27.057,54","26.632,92","1,07B","-0,80%"
15.03.2023,"27.229,48","27.421,66","27.424,94","27.105,99","866,16M","0,03%"
14.03.2023,"27.222,04","27.455,95","27.455,95","27.104,75","1,26B","-2,19%"
13.03.2023,"27.832,96","27.886,21","27.906,97","27.631,53","960,57M","-1,11%"
10.03.2023,"28.143,97","28.385,29","28.424,24","28.118,74","1,11B","-1,67%"
09.03.2023,"28.623,15","28.648,11","28.734,79","28.558,88","723,04M","0,63%"
08.03.2023,"28.444,19","28.237,21","28.469,41","28.232,68","672,15M","0,48%"
07.03.2023,"28.309,16","28.202,59","28.398,27","28.202,59","697,95M","0,25%"
06.03.2023,"28.237,78","28.182,31","28.288,62","28.153,82","657,29M","1,11%"
03.03.2023,"27.927,47","27.683,26","27.961,21","27.655,34","782,02M","1,56%"
02.03.2023,"27.498,87","27.564,82","27.617,80","27.408,54","692,86M","-0,06%"
01.03.2023,"27.516,53","27.363,57","27.530,76","27.305,37","697,91M","0,26%"
28.02.2023,"27.445,56","27.515,34","27.585,17","27.400,36","862,86M","0,08%"
27.02.2023,"27.423,96","27.322,73","27.456,22","27.292,74","593,99M","-0,11%"
24.02.2023,"27.453,48","27.144,72","27.465,90","27.128,32","759,91M","1,29%"
22.02.2023,"27.104,32","27.265,99","27.300,53","27.046,08","747,11M","-1,34%"
21.02.2023,"27.473,10","27.486,09","27.538,29","27.359,12","616,28M","-0,21%"
20.02.2023,"27.531,94","27.497,13","27.531,94","27.426,48","624,72M","0,07%"
17.02.2023,"27.513,13","27.484,60","27.608,59","27.466,61","687,91M","-0,66%"
16.02.2023,"27.696,44","27.654,72","27.727,66","27.597,12","681,19M","0,71%"
15.02.2023,"27.501,86","27.686,01","27.720,27","27.444,13","721,04M","-0,37%"
14.02.2023,"27.602,77","27.705,37","27.721,82","27.553,18","558,17M","0,64%"
13.02.2023,"27.427,32","27.550,35","27.570,32","27.266,94","704,42M","-0,88%"
10.02.2023,"27.670,98","27.711,25","27.814,02","27.609,33","888,23M","0,31%"
09.02.2023,"27.584,35","27.453,40","27.635,38","27.424,69","616,89M","-0,08%"
08.02.2023,"27.606,46","27.690,74","27.719,45","27.458,53","689,68M","-0,29%"
07.02.2023,"27.685,47","27.744,90","27.814,96","27.662,11","742,62M","-0,03%"
06.02.2023,"27.693,65","27.764,66","27.821,22","27.656,47","884,29M","0,67%"
03.02.2023,"27.509,46","27.455,03","27.612,57","27.445,69","927,98M","0,39%"
02.02.2023,"27.402,05","27.453,67","27.472,44","27.338,43","732,46M","0,20%"
01.02.2023,"27.346,88","27.483,41","27.547,67","27.322,79","658,49M","0,07%"
31.01.2023,"27.327,11","27.458,56","27.494,17","27.302,22","745,97M","-0,39%"
30.01.2023,"27.433,40","27.384,77","27.486,42","27.337,25","657,64M","0,19%"
27.01.2023,"27.382,56","27.428,41","27.452,67","27.326,91","715,00M","0,07%"
26.01.2023,"27.362,75","27.444,64","27.502,15","27.284,08","632,73M","-0,12%"
25.01.2023,"27.395,01","27.175,88","27.473,90","27.175,88","633,61M","0,35%"
24.01.2023,"27.299,19","27.150,43","27.381,00","27.150,43","707,67M","1,46%"
23.01.2023,"26.906,04","26.880,21","26.938,28","26.788,76","601,86M","1,33%"
20.01.2023,"26.553,53","26.346,69","26.553,53","26.320,96","604,42M","0,56%"
19.01.2023,"26.405,23","26.541,08","26.592,87","26.368,97","687,23M","-1,44%"
18.01.2023,"26.791,12","26.251,34","26.816,68","26.211,84","933,67M","2,50%"
17.01.2023,"26.138,68","25.915,51","26.198,69","25.895,30","680,69M","1,23%"
16.01.2023,"25.822,32","25.836,67","25.938,04","25.748,10","716,69M","-1,14%"
13.01.2023,"26.119,52","26.391,78","26.409,21","26.090,84","982,97M","-1,25%"
12.01.2023,"26.449,82","26.524,94","26.547,61","26.381,93","770,27M","0,01%"
11.01.2023,"26.446,00","26.362,21","26.479,99","26.332,05","623,58M","1,03%"
10.01.2023,"26.175,56","26.176,61","26.316,66","26.132,80","712,46M","0,78%"
06.01.2023,"25.973,85","25.740,08","26.034,06","25.719,61","681,53M","0,59%"
05.01.2023,"25.820,80","25.825,50","25.947,10","25.750,46","723,09M","0,40%"
04.01.2023,"25.716,86","25.834,93","25.840,68","25.661,89","833,30M","-1,45%"
30.12.2022,"26.094,50","26.288,00","26.321,37","26.067,92","527,36M","0,00%"
29.12.2022,"26.093,67","26.074,90","26.126,70","25.953,92","631,10M","-0,94%"
28.12.2022,"26.340,50","26.309,34","26.354,27","26.199,67","615,23M","-0,41%"
27.12.2022,"26.447,87","26.570,78","26.620,49","26.447,87","501,79M","0,16%"
26.12.2022,"26.405,87","26.299,54","26.438,65","26.294,85","473,13M","0,65%"
23.12.2022,"26.235,25","26.207,77","26.291,98","26.106,38","756,57M","-1,03%"
22.12.2022,"26.507,87","26.552,43","26.585,28","26.399,31","733,66M","0,46%"
21.12.2022,"26.387,72","26.547,17","26.616,28","26.269,80","1,19B","-0,68%"
20.12.2022,"26.568,03","27.257,35","27.339,49","26.416,91","1,19B","-2,46%"
19.12.2022,"27.237,64","27.279,92","27.349,58","27.165,78","581,86M","-1,05%"
16.12.2022,"27.527,12","27.706,70","27.713,04","27.488,83","837,50M","-1,87%"
15.12.2022,"28.051,70","27.991,14","28.163,17","27.987,54","510,62M","-0,37%"
14.12.2022,"28.156,21","28.005,03","28.195,69","27.993,78","548,32M","0,72%"
13.12.2022,"27.954,85","28.067,37","28.116,56","27.907,49","519,16M","0,40%"
12.12.2022,"27.842,33","27.741,10","27.865,72","27.734,66","495,85M","-0,21%"
09.12.2022,"27.901,01","27.633,96","27.952,80","27.633,96","701,68M","1,18%"
08.12.2022,"27.574,43","27.622,30","27.643,64","27.415,66","649,27M","-0,40%"
07.12.2022,"27.686,40","27.670,29","27.786,25","27.646,78","630,24M","-0,72%"
06.12.2022,"27.885,87","27.704,06","27.934,07","27.698,31","604,46M","0,24%"
05.12.2022,"27.820,40","27.752,99","27.854,11","27.700,86","638,91M","0,15%"
02.12.2022,"27.777,90","27.983,18","27.983,18","27.662,12","794,22M","-1,59%"
01.12.2022,"28.226,08","28.273,13","28.423,46","28.226,08","714,11M","0,92%"
30.11.2022,"27.968,99","27.886,67","27.972,89","27.802,71","1,07B","-0,21%"
29.11.2022,"28.027,84","27.991,50","28.055,91","27.899,98","648,17M","-0,48%"
28.11.2022,"28.162,83","28.220,56","28.238,50","28.046,32","645,82M","-0,42%"
25.11.2022,"28.283,03","28.398,77","28.399,88","28.263,60","567,69M","-0,35%"
24.11.2022,"28.383,09","28.373,72","28.502,29","28.363,66","838,77M","0,95%"
22.11.2022,"28.115,74","28.059,51","28.203,35","28.038,16","759,46M","0,61%"
21.11.2022,"27.944,79","27.982,00","28.007,06","27.846,30","564,88M","0,16%"
18.11.2022,"27.899,77","28.009,82","28.045,44","27.877,78","647,54M","-0,11%"
17.11.2022,"27.930,57","27.952,21","28.029,62","27.910,01","588,82M","-0,35%"
16.11.2022,"28.028,30","28.020,49","28.069,25","27.743,15","731,80M","0,14%"
15.11.2022,"27.990,17","27.940,26","28.038,63","27.903,27","712,20M","0,10%"
14.11.2022,"27.963,47","28.277,64","28.305,04","27.963,47","851,39M","-1,06%"
11.11.2022,"28.263,57","27.868,69","28.329,54","27.837,09","1,04B","2,98%"
10.11.2022,"27.446,10","27.459,08","27.485,38","27.370,62","770,90M","-0,98%"
09.11.2022,"27.716,43","27.884,55","27.926,52","27.688,86","791,49M","-0,56%"
08.11.2022,"27.872,11","27.718,84","27.943,27","27.704,64","843,61M","1,25%"
07.11.2022,"27.527,64","27.406,78","27.578,01","27.357,53","788,71M","1,21%"
04.11.2022,"27.199,74","27.371,89","27.389,30","27.032,02","1,11B","-1,68%"
02.11.2022,"27.663,39","27.562,30","27.692,55","27.546,88","865,64M","-0,06%"
01.11.2022,"27.678,92","27.614,64","27.682,97","27.526,18","725,98M","0,33%"
31.10.2022,"27.587,46","27.404,30","27.602,99","27.392,99","711,24M","1,78%"
28.10.2022,"27.105,20","27.097,38","27.265,46","26.981,08","1,45B","-0,88%"
27.10.2022,"27.345,24","27.407,23","27.450,26","27.330,79","653,91M","-0,32%"
26.10.2022,"27.431,84","27.410,64","27.578,05","27.404,90","610,33M","0,67%"
25.10.2022,"27.250,28","27.113,20","27.337,80","27.073,18","621,69M","1,02%"
24.10.2022,"26.974,90","27.233,00","27.308,97","26.974,90","590,66M","0,31%"
21.10.2022,"26.890,58","26.903,50","26.985,38","26.869,38","563,05M","-0,43%"
20.10.2022,"27.006,96","26.981,75","27.092,55","26.872,45","603,05M","-0,92%"
19.10.2022,"27.257,38","27.225,17","27.371,38","27.192,79","575,64M","0,37%"
18.10.2022,"27.156,14","27.167,73","27.229,88","26.910,10","660,61M","1,42%"
17.10.2022,"26.775,79","26.785,02","26.814,92","26.649,13","652,80M","-1,16%"
14.10.2022,"27.090,76","26.599,32","27.180,16","26.595,35","823,53M","3,25%"
13.10.2022,"26.237,42","26.398,29","26.408,31","26.237,42","591,59M","-0,60%"
12.10.2022,"26.396,83","26.353,22","26.495,75","26.313,41","688,47M","-0,02%"
11.10.2022,"26.401,25","26.757,12","26.759,62","26.369,56","789,26M","-2,64%"
07.10.2022,"27.116,11","26.975,92","27.198,91","26.921,90","666,73M","-0,71%"
06.10.2022,"27.311,30","27.137,98","27.399,19","27.137,98","693,71M","0,70%"
05.10.2022,"27.120,53","27.211,32","27.216,80","27.030,55","732,89M","0,48%"
04.10.2022,"26.992,21","26.653,49","26.994,44","26.633,52","870,62M","2,96%"
03.10.2022,"26.215,79","25.778,95","26.223,84","25.621,96","807,03M","1,07%"
30.09.2022,"25.937,21","26.240,00","26.273,65","25.805,59","1,01B","-1,83%"
29.09.2022,"26.422,05","26.280,50","26.458,67","26.221,78","888,84M","0,95%"
28.09.2022,"26.173,98","26.422,86","26.516,32","25.938,36","929,48M","-1,50%"
27.09.2022,"26.571,87","26.585,38","26.680,20","26.523,77","668,15M","0,53%"
26.09.2022,"26.431,55","26.779,44","26.779,44","26.424,60","964,55M","-2,66%"
22.09.2022,"27.153,83","27.053,58","27.197,07","26.955,18","621,76M","-0,58%"
21.09.2022,"27.313,13","27.440,84","27.467,34","27.297,50","654,55M","-1,36%"
20.09.2022,"27.688,42","27.788,68","27.907,45","27.627,86","599,69M","0,44%"
16.09.2022,"27.567,65","27.631,39","27.654,99","27.525,68","815,88M","-1,11%"
15.09.2022,"27.875,91","27.873,96","27.946,20","27.801,44","486,66M","0,21%"
14.09.2022,"27.818,62","28.132,70","28.141,92","27.795,64","708,86M","-2,78%"
13.09.2022,"28.614,63","28.556,21","28.659,76","28.530,36","516,69M","0,25%"
12.09.2022,"28.542,11","28.483,59","28.612,89","28.438,37","504,95M","1,16%"
09.09.2022,"28.214,75","28.204,71","28.286,02","28.091,38","740,42M","0,53%"
08.09.2022,"28.065,28","27.732,68","28.083,79","27.718,30","751,55M","2,31%"
07.09.2022,"27.430,30","27.546,01","27.546,01","27.268,70","693,56M","-0,71%"
06.09.2022,"27.626,51","27.650,15","27.813,78","27.557,99","463,05M","0,02%"
05.09.2022,"27.619,61","27.567,29","27.673,44","27.511,68","470,66M","-0,11%"
02.09.2022,"27.650,84","27.755,60","27.772,37","27.570,74","587,67M","-0,04%"
01.09.2022,"27.661,47","27.797,00","27.832,78","27.589,70","688,54M","-1,53%"
31.08.2022,"28.091,53","27.928,09","28.104,80","27.906,17","861,59M","-0,37%"
30.08.2022,"28.195,58","28.086,72","28.233,80","27.944,25","606,58M","1,14%"
29.08.2022,"27.878,96","28.161,06","28.179,09","27.788,12","640,90M","-2,66%"
26.08.2022,"28.641,38","28.639,47","28.792,93","28.608,70","491,25M","0,57%"
25.08.2022,"28.479,01","28.415,11","28.534,71","28.357,03","536,99M","0,58%"
24.08.2022,"28.313,47","28.481,34","28.515,61","28.282,21","620,06M","-0,49%"
23.08.2022,"28.452,75","28.580,20","28.580,20","28.395,30","556,94M","-1,19%"
22.08.2022,"28.794,50","28.654,07","28.828,21","28.586,36","491,55M","-0,47%"
19.08.2022,"28.930,33","29.095,71","29.150,80","28.913,05","484,34M","-0,04%"
18.08.2022,"28.942,14","28.957,40","28.999,64","28.846,52","474,12M","-0,96%"
17.08.2022,"29.222,77","28.952,65","29.222,77","28.944,71","665,74M","1,23%"
16.08.2022,"28.868,91","28.829,53","28.928,16","28.752,88","501,29M","-0,01%"
15.08.2022,"28.871,78","28.623,78","28.897,07","28.623,78","536,82M","1,14%"
12.08.2022,"28.546,98","28.251,74","28.546,98","28.207,86","896,36M","2,62%"
10.08.2022,"27.819,33","27.955,11","27.964,96","27.729,46","599,05M","-0,65%"
09.08.2022,"27.999,96","28.236,84","28.257,34","27.966,91","648,88M","-0,88%"
08.08.2022,"28.249,24","28.050,09","28.279,12","28.047,08","661,24M","0,26%"
05.08.2022,"28.175,87","27.915,06","28.190,04","27.910,22","712,53M","0,87%"
04.08.2022,"27.932,20","27.930,94","28.005,59","27.870,05","831,02M","0,69%"
03.08.2022,"27.741,90","27.673,00","27.837,63","27.634,65","723,34M","0,53%"
02.08.2022,"27.594,73","27.812,48","27.830,58","27.530,60","718,21M","-1,42%"
01.08.2022,"27.993,35","27.813,82","27.993,35","27.751,59","719,46M","0,69%"
29.07.2022,"27.801,64","27.915,22","28.001,80","27.725,24","793,45M","-0,05%"
28.07.2022,"27.815,48","27.909,15","28.015,68","27.651,99","834,65M","0,36%"
27.07.2022,"27.715,75","27.575,16","27.772,97","27.525,09","510,70M","0,22%"
26.07.2022,"27.655,21","27.682,20","27.715,78","27.538,39","500,29M","-0,16%"
25.07.2022,"27.699,25","27.697,77","27.848,59","27.663,16","465,16M","-0,77%"
22.07.2022,"27.914,66","27.773,14","27.952,25","27.701,25","601,36M","0,40%"
21.07.2022,"27.803,00","27.627,88","27.803,00","27.549,56","567,03M","0,44%"
20.07.2022,"27.680,26","27.295,95","27.692,85","27.295,95","666,58M","2,67%"
19.07.2022,"26.961,68","27.003,83","27.043,58","26.791,71","594,41M","0,65%"
15.07.2022,"26.788,47","26.736,08","26.857,77","26.571,38","655,44M","0,54%"
14.07.2022,"26.643,39","26.357,32","26.713,07","26.312,79","606,32M","0,62%"
13.07.2022,"26.478,77","26.403,79","26.543,07","26.389,10","541,28M","0,54%"
12.07.2022,"26.336,66","26.701,00","26.718,67","26.278,28","644,29M","-1,77%"
11.07.2022,"26.812,30","26.892,73","27.062,17","26.710,59","684,83M","1,11%"
08.07.2022,"26.517,19","26.623,85","26.881,75","26.510,53","892,53M","0,10%"
07.07.2022,"26.490,53","26.280,94","26.533,65","26.136,99","807,01M","1,47%"
06.07.2022,"26.107,65","26.190,40","26.298,96","26.051,19","897,47M","-1,20%"
05.07.2022,"26.423,47","26.386,23","26.532,51","26.294,84","627,96M","1,03%"
04.07.2022,"26.153,81","26.086,78","26.258,86","25.945,83","687,03M","0,84%"
01.07.2022,"25.935,62","26.460,71","26.531,24","25.841,75","816,72M","-1,73%"
30.06.2022,"26.393,04","26.753,28","26.753,28","26.324,31","861,07M","-1,54%"
29.06.2022,"26.804,60","26.814,23","26.858,68","26.687,47","1,01B","-0,91%"
28.06.2022,"27.049,47","26.795,68","27.062,31","26.789,50","733,59M","0,66%"
27.06.2022,"26.871,27","26.741,80","26.938,43","26.665,44","657,74M","1,43%"
24.06.2022,"26.491,97","26.228,42","26.519,16","26.148,56","726,41M","1,23%"
23.06.2022,"26.171,25","26.134,89","26.401,97","26.039,57","656,83M","0,08%"
22.06.2022,"26.149,55","26.441,72","26.462,83","26.149,17","663,69M","-0,37%"
21.06.2022,"26.246,31","26.070,92","26.418,84","25.972,28","653,59M","1,84%"
20.06.2022,"25.771,22","26.156,62","26.156,62","25.520,23","721,76M","-0,74%"
17.06.2022,"25.963,00","25.988,20","26.072,35","25.720,80","1,15B","-1,77%"
16.06.2022,"26.431,20","26.715,52","26.947,70","26.431,20","678,27M","0,40%"
15.06.2022,"26.326,16","26.625,68","26.638,76","26.321,68","727,41M","-1,14%"
14.06.2022,"26.629,86","26.555,75","26.657,92","26.357,90","750,15M","-1,32%"
13.06.2022,"26.987,44","27.369,66","27.389,30","26.948,22","713,59M","-3,01%"
10.06.2022,"27.824,29","27.996,35","28.044,45","27.795,17","797,50M","-1,49%"
09.06.2022,"28.246,53","28.189,35","28.389,75","28.189,35","803,04M","0,04%"
08.06.2022,"28.234,29","28.100,26","28.234,29","28.089,78","786,80M","1,04%"
07.06.2022,"27.943,95","27.984,79","28.094,73","27.863,38","682,52M","0,10%"
06.06.2022,"27.915,89","27.549,64","27.979,54","27.523,95","567,65M","0,56%"
03.06.2022,"27.761,57","27.660,62","27.776,33","27.614,86","636,78M","1,27%"
02.06.2022,"27.413,88","27.340,52","27.450,47","27.251,24","636,44M","-0,16%"
01.06.2022,"27.457,89","27.295,63","27.482,31","27.295,42","757,60M","0,65%"
31.05.2022,"27.279,80","27.318,09","27.463,33","27.250,70","1,42B","-0,33%"
30.05.2022,"27.369,43","27.092,82","27.401,24","27.057,20","969,58M","2,19%"
27.05.2022,"26.781,68","26.947,80","26.996,70","26.731,60","693,12M","0,66%"
26.05.2022,"26.604,84","26.685,02","26.898,75","26.597,97","645,12M","-0,27%"
25.05.2022,"26.677,80","26.711,53","26.795,89","26.578,03","723,40M","-0,26%"
24.05.2022,"26.748,14","27.005,43","27.005,43","26.736,01","674,41M","-0,94%"
23.05.2022,"27.001,52","26.991,42","27.047,47","26.832,65","650,27M","0,98%"
20.05.2022,"26.739,03","26.448,23","26.769,20","26.426,99","763,41M","1,27%"
19.05.2022,"26.402,84","26.435,32","26.458,85","26.150,09","745,04M","-1,89%"
18.05.2022,"26.911,20","26.826,82","27.053,18","26.741,34","746,71M","0,94%"
17.05.2022,"26.659,75","26.555,23","26.709,26","26.440,62","789,29M","0,42%"
16.05.2022,"26.547,05","26.753,37","26.836,96","26.438,61","869,88M","0,45%"
13.05.2022,"26.427,65","25.918,80","26.479,93","25.904,40","1,04B","2,64%"
12.05.2022,"25.748,72","25.945,04","26.028,36","25.688,11","911,68M","-1,77%"
11.05.2022,"26.213,64","26.045,38","26.290,62","26.003,26","858,64M","0,18%"
10.05.2022,"26.167,10","26.149,06","26.246,63","25.773,83","807,62M","-0,58%"
09.05.2022,"26.319,34","26.705,32","26.732,61","26.309,22","795,32M","-2,53%"
06.05.2022,"27.003,56","26.784,29","27.072,59","26.543,29","984,98M","0,69%"
02.05.2022,"26.818,53","26.851,10","26.964,59","26.610,86","745,26M","-0,11%"
28.04.2022,"26.847,90","26.430,28","26.876,95","26.348,36","867,04M","1,75%"
27.04.2022,"26.386,63","26.313,14","26.406,62","26.051,04","973,01M","-1,17%"
26.04.2022,"26.700,11","26.743,21","26.808,99","26.592,99","643,28M","0,41%"
25.04.2022,"26.590,78","26.692,48","26.764,48","26.487,84","626,82M","-1,90%"
22.04.2022,"27.105,26","27.197,80","27.205,83","26.904,38","584,65M","-1,63%"
21.04.2022,"27.553,06","27.259,14","27.580,64","27.252,83","623,40M","1,23%"
20.04.2022,"27.217,85","27.210,79","27.389,84","27.066,18","723,36M","0,86%"
19.04.2022,"26.985,09","27.096,49","27.100,59","26.777,71","605,07M","0,69%"
18.04.2022,"26.799,71","26.831,45","26.851,80","26.571,38","483,50M","-1,08%"
15.04.2022,"27.093,19","26.932,48","27.203,77","26.784,92","515,47M","-0,29%"
14.04.2022,"27.172,00","26.925,64","27.200,89","26.890,68","618,42M","1,22%"
13.04.2022,"26.843,49","26.436,06","26.885,87","26.429,47","716,29M","1,93%"
12.04.2022,"26.334,98","26.606,87","26.674,86","26.304,08","753,18M","-1,81%"
11.04.2022,"26.821,52","26.877,60","27.004,50","26.720,46","734,51M","-0,61%"
08.04.2022,"26.985,80","27.097,05","27.185,23","26.764,36","780,65M","0,36%"
07.04.2022,"26.888,57","27.032,42","27.042,49","26.801,79","711,29M","-1,69%"
06.04.2022,"27.350,30","27.533,88","27.549,67","27.214,61","686,52M","-1,58%"
05.04.2022,"27.787,98","27.965,94","27.965,94","27.662,28","643,00M","0,19%"
04.04.2022,"27.736,47","27.685,65","27.754,24","27.578,81","503,46M","0,25%"
01.04.2022,"27.665,98","27.624,11","27.738,31","27.399,48","667,54M","-0,56%"
31.03.2022,"27.821,43","27.809,97","28.101,68","27.763,96","786,42M","-0,73%"
30.03.2022,"28.027,25","28.250,80","28.281,45","27.736,27","834,48M","-0,80%"
29.03.2022,"28.252,42","28.173,43","28.252,42","28.063,92","777,01M","1,10%"
28.03.2022,"27.943,89","28.084,08","28.084,08","27.812,67","653,00M","-0,73%"
25.03.2022,"28.149,84","28.338,81","28.338,81","27.946,79","674,03M","0,14%"
24.03.2022,"28.110,39","27.693,77","28.110,39","27.624,62","716,04M","0,25%"
23.03.2022,"28.040,16","27.606,79","28.056,20","27.604,37","882,01M","3,00%"
22.03.2022,"27.224,11","27.091,32","27.284,47","27.076,33","979,85M","1,48%"
18.03.2022,"26.827,43","26.649,50","26.862,43","26.592,98","1,08B","0,65%"
17.03.2022,"26.652,89","26.170,38","26.702,94","26.152,89","896,41M","3,46%"
16.03.2022,"25.762,01","25.574,90","25.824,94","25.470,46","823,42M","1,64%"
15.03.2022,"25.346,48","25.228,53","25.441,67","25.219,13","732,02M","0,15%"
14.03.2022,"25.307,85","25.338,64","25.631,01","25.299,64","725,83M","0,58%"
11.03.2022,"25.162,78","25.495,03","25.503,65","24.966,50","895,95M","-2,05%"
10.03.2022,"25.690,40","25.108,47","25.720,31","25.099,85","952,29M","3,94%"
09.03.2022,"24.717,53","24.876,49","25.084,08","24.681,74","915,25M","-0,30%"
08.03.2022,"24.790,95","24.974,35","25.291,33","24.767,33","1,15B","-1,71%"
07.03.2022,"25.221,41","25.634,09","25.640,41","25.006,26","1,05B","-2,94%"
04.03.2022,"25.985,47","26.421,85","26.421,85","25.774,28","935,30M","-2,23%"
03.03.2022,"26.577,27","26.628,87","26.704,85","26.496,72","747,89M","0,70%"
02.03.2022,"26.393,03","26.532,20","26.585,30","26.313,72","877,11M","-1,68%"
01.03.2022,"26.844,72","26.836,74","27.013,26","26.821,75","740,24M","1,20%"
28.02.2022,"26.526,82","26.457,52","26.644,56","26.262,63","910,56M","0,19%"
25.02.2022,"26.476,50","26.213,20","26.481,60","26.160,19","775,80M","1,95%"
24.02.2022,"25.970,82","26.281,35","26.357,58","25.775,64","935,36M","-1,81%"
22.02.2022,"26.449,61","26.515,45","26.550,14","26.243,73","673,11M","-1,71%"
21.02.2022,"26.910,87","26.771,58","26.998,47","26.549,00","529,04M","-0,78%"
18.02.2022,"27.122,07","26.895,16","27.216,16","26.792,54","635,33M","-0,41%"
17.02.2022,"27.232,87","27.431,42","27.438,74","27.080,92","677,82M","-0,83%"
16.02.2022,"27.460,40","27.269,05","27.486,09","27.227,24","641,24M","2,22%"
15.02.2022,"26.865,19","27.183,56","27.205,20","26.724,91","761,72M","-0,79%"
14.02.2022,"27.079,59","27.305,92","27.325,50","26.947,65","797,74M","-2,23%"
10.02.2022,"27.696,08","27.818,10","27.880,70","27.575,07","828,74M","0,42%"
09.02.2022,"27.579,87","27.488,65","27.633,10","27.405,88","934,78M","1,08%"
08.02.2022,"27.284,52","27.318,30","27.461,33","27.280,25","766,03M","0,13%"
07.02.2022,"27.248,87","27.327,63","27.369,68","27.085,32","770,96M","-0,70%"
04.02.2022,"27.439,99","27.095,90","27.455,98","27.075,99","796,06M","0,73%"
03.02.2022,"27.241,31","27.330,96","27.357,33","27.165,93","810,74M","-1,06%"
02.02.2022,"27.533,60","27.302,99","27.564,62","27.289,16","852,10M","1,68%"
01.02.2022,"27.078,48","27.167,14","27.410,79","27.016,71","811,32M","0,28%"
31.01.2022,"27.001,98","26.690,60","27.134,57","26.541,65","782,88M","1,07%"
28.01.2022,"26.717,34","26.429,85","26.764,85","26.289,69","759,87M","2,09%"
27.01.2022,"26.170,30","27.139,88","27.193,59","26.044,52","887,38M","-3,11%"
26.01.2022,"27.011,33","27.105,98","27.184,54","26.858,68","604,68M","-0,44%"
25.01.2022,"27.131,34","27.466,82","27.493,75","26.890,94","769,68M","-1,66%"
24.01.2022,"27.588,37","27.258,45","27.627,60","27.203,33","610,19M","0,24%"
21.01.2022,"27.522,26","27.404,36","27.586,42","27.129,61","727,50M","-0,90%"
20.01.2022,"27.772,93","27.401,43","27.882,53","27.217,59","740,21M","1,11%"
19.01.2022,"27.467,23","27.928,89","27.958,17","27.314,41","842,98M","-2,80%"
18.01.2022,"28.257,25","28.451,34","28.690,34","28.129,66","713,13M","-0,27%"
17.01.2022,"28.333,52","28.332,72","28.449,99","28.274,18","544,80M","0,74%"
14.01.2022,"28.124,28","28.246,99","28.252,96","27.889,21","820,67M","-1,28%"
13.01.2022,"28.489,13","28.658,22","28.660,45","28.444,96","698,81M","-0,96%"
12.01.2022,"28.765,66","28.449,53","28.814,31","28.427,60","725,48M","1,92%"
11.01.2022,"28.222,48","28.380,90","28.473,47","28.089,49","737,06M","-0,90%"
07.01.2022,"28.478,56","28.711,53","28.813,09","28.293,70","751,71M","-0,03%"
06.01.2022,"28.487,87","29.136,75","29.158,95","28.487,87","715,91M","-2,88%"
05.01.2022,"29.332,16","29.288,80","29.388,16","29.204,45","786,26M","0,10%"
04.01.2022,"29.301,79","29.098,41","29.323,79","28.954,56","660,37M","1,77%"
