Date,Open,High,Low,Close,Adj. close,Volume
29-Nov-24,6003.98,6044.17,6003.98,6032.38,6032.38,2444420000
27-Nov-24,6014.11,6020.16,5984.87,5998.74,5998.74,3363340000
26-Nov-24,6000.03,6025.42,5992.27,6021.63,6021.63,3835170000
25-Nov-24,5992.28,6020.75,5963.91,5987.37,5987.37,5633150000
22-Nov-24,5944.36,5972.9,5944.36,5969.34,5969.34,4141420000
21-Nov-24,5940.58,5963.32,5887.26,5948.71,5948.71,4230120000
20-Nov-24,5914.34,5920.67,5860.56,5917.11,5917.11,3772620000
19-Nov-24,5870.05,5923.51,5855.29,5916.98,5916.98,4036940000
18-Nov-24,5874.17,5908.12,5865.95,5893.62,5893.62,3983860000
15-Nov-24,5912.79,5915.32,5853.01,5870.62,5870.62,4590960000
14-Nov-24,5989.68,5993.88,5942.28,5949.17,5949.17,4184570000
13-Nov-24,5985.75,6008.19,5965.91,5985.38,5985.38,4220180000
12-Nov-24,6003.6,6009.92,5960.08,5983.99,5983.99,4243400000
11-Nov-24,6008.86,6017.31,5986.69,6001.35,6001.35,4333000000
8-Nov-24,5976.76,6012.45,5976.76,5995.54,5995.54,4666740000
7-Nov-24,5947.21,5983.84,5947.21,5973.1,5973.1,4925740000
6-Nov-24,5864.89,5936.14,5864.89,5929.04,5929.04,6329530000
5-Nov-24,5722.43,5783.44,5722.1,5782.76,5782.76,3768310000
4-Nov-24,5725.15,5741.43,5696.51,5712.69,5712.69,3602060000
1-Nov-24,5723.22,5772.52,5723.22,5728.8,5728.8,3796450000
31-Oct-24,5775.34,5775.34,5702.86,5705.45,5705.45,4425660000
30-Oct-24,5832.65,5850.94,5811.28,5813.67,5813.67,3851120000
29-Oct-24,5819.68,5847.19,5802.17,5832.92,5832.92,3879100000
28-Oct-24,5833.93,5842.92,5823.08,5823.52,5823.52,3691280000
25-Oct-24,5826.75,5862.82,5799.98,5808.12,5808.12,3501280000
24-Oct-24,5817.8,5817.8,5784.92,5809.86,5809.86,3543030000
23-Oct-24,5834.5,5834.85,5762.41,5797.42,5797.42,3532650000
22-Oct-24,5832.7,5863.04,5821.17,5851.2,5851.2,3342080000
21-Oct-24,5857.82,5866.92,5824.79,5853.98,5853.98,3407010000
18-Oct-24,5859.43,5872.17,5846.11,5864.67,5864.67,3374490000
17-Oct-24,5875.62,5878.46,5840.25,5841.47,5841.47,3480010000
16-Oct-24,5816.58,5846.52,5808.34,5842.47,5842.47,3467230000
15-Oct-24,5866.74,5870.36,5804.48,5815.26,5815.26,3882120000
14-Oct-24,5829.81,5871.41,5829.57,5859.85,5859.85,3005250000
11-Oct-24,5775.09,5822.13,5775.09,5815.03,5815.03,3208720000
10-Oct-24,5778.36,5795.03,5764.76,5780.05,5780.05,3208790000
9-Oct-24,5751.8,5796.8,5745.02,5792.04,5792.04,3650340000
8-Oct-24,5719.14,5757.6,5714.56,5751.13,5751.13,3393400000
7-Oct-24,5737.8,5739.34,5686.85,5695.94,5695.94,3637790000
4-Oct-24,5737.48,5753.21,5702.83,5751.07,5751.07,3479400000
3-Oct-24,5698.19,5718.78,5677.37,5699.94,5699.94,3597450000
2-Oct-24,5698.14,5719.63,5674,5709.54,5709.54,3829050000
1-Oct-24,5757.73,5757.73,5681.28,5708.75,5708.75,4025180000
30-Sep-24,5726.52,5765.14,5703.53,5762.48,5762.48,4425730000
27-Sep-24,5755.36,5763.78,5727.34,5738.17,5738.17,3898530000
26-Sep-24,5762.22,5767.37,5721.01,5745.37,5745.37,4391180000
25-Sep-24,5733.65,5741.03,5712.06,5722.26,5722.26,3624910000
24-Sep-24,5727.66,5735.32,5698.99,5732.93,5732.93,3872710000
23-Sep-24,5711.9,5725.36,5704.22,5718.57,5718.57,3529550000
20-Sep-24,5709.64,5715.14,5674.49,5702.55,5702.55,7867260000
19-Sep-24,5702.63,5733.57,5686.42,5713.64,5713.64,4024530000
18-Sep-24,5641.68,5689.75,5615.08,5618.26,5618.26,3691390000
17-Sep-24,5655.51,5670.81,5614.05,5634.58,5634.58,3443600000
16-Sep-24,5615.21,5636.05,5604.53,5633.09,5633.09,3437070000
13-Sep-24,5603.34,5636.27,5601.65,5626.02,5626.02,3500790000
12-Sep-24,5557.48,5600.71,5535.5,5595.76,5595.76,3655070000
11-Sep-24,5496.42,5560.41,5406.96,5554.13,5554.13,3839450000
10-Sep-24,5490.51,5497.91,5441.72,5495.52,5495.52,3848180000
9-Sep-24,5442.07,5484.2,5434.49,5471.05,5471.05,3825940000
6-Sep-24,5507.33,5522.47,5402.62,5408.42,5408.42,3822800000
5-Sep-24,5520.08,5546.3,5480.54,5503.41,5503.41,3521650000
4-Sep-24,5506.68,5552.99,5503.66,5520.07,5520.07,3478140000
3-Sep-24,5623.89,5623.89,5504.33,5528.93,5528.93,3866350000
30-Aug-24,5612.74,5651.37,5581.79,5648.4,5648.4,4185850000
29-Aug-24,5607.3,5646.95,5583.71,5591.96,5591.96,3065640000
28-Aug-24,5624.51,5627.03,5560.95,5592.18,5592.18,3053450000
27-Aug-24,5602.89,5631.18,5593.48,5625.8,5625.8,2798990000
26-Aug-24,5639.66,5651.62,5602.34,5616.84,5616.84,2938570000
23-Aug-24,5602.49,5641.82,5585.16,5634.61,5634.61,3291940000
22-Aug-24,5637.77,5643.22,5560.95,5570.64,5570.64,2981530000
21-Aug-24,5603.09,5632.68,5591.57,5620.85,5620.85,3119670000
20-Aug-24,5602.88,5620.51,5585.5,5597.12,5597.12,2994420000
19-Aug-24,5557.23,5608.3,5550.74,5608.25,5608.25,3222050000
16-Aug-24,5530.5,5561.98,5525.17,5554.25,5554.25,3357690000
15-Aug-24,5501.13,5546.23,5501.13,5543.22,5543.22,3723310000
14-Aug-24,5442.36,5463.22,5415.91,5455.21,5455.21,3380050000
13-Aug-24,5376.98,5436.5,5376.98,5434.43,5434.43,3648980000
12-Aug-24,5351.88,5371.2,5324.37,5344.39,5344.39,3360160000
9-Aug-24,5314.66,5358.67,5300.84,5344.16,5344.16,3516400000
8-Aug-24,5252.57,5328.03,5233.85,5319.31,5319.31,4016830000
7-Aug-24,5293.13,5330.64,5195.54,5199.5,5199.5,4558260000
6-Aug-24,5206.42,5312.34,5193.56,5240.03,5240.03,4690190000
5-Aug-24,5151.14,5250.89,5119.26,5186.33,5186.33,5333250000
2-Aug-24,5376.63,5383.89,5302.03,5346.56,5346.56,5156450000
1-Aug-24,5537.84,5566.16,5410.42,5446.68,5446.68,4703620000
31-Jul-24,5505.59,5551.51,5493.75,5522.3,5522.3,4546910000
30-Jul-24,5478.73,5489.46,5401.7,5436.44,5436.44,3777740000
29-Jul-24,5476.55,5487.74,5444.44,5463.54,5463.54,3379970000
26-Jul-24,5433.67,5488.32,5430.7,5459.1,5459.1,3638770000
25-Jul-24,5428.7,5491.59,5390.95,5399.22,5399.22,4592120000
24-Jul-24,5505.84,5508.04,5419.98,5427.13,5427.13,3945550000
23-Jul-24,5565.3,5585.34,5550.9,5555.74,5555.74,3500210000
22-Jul-24,5544.54,5570.36,5529.04,5564.41,5564.41,3375180000
19-Jul-24,5543.37,5557.5,5497.04,5505,5505,3760570000
18-Jul-24,5608.56,5614.05,5522.81,5544.59,5544.59,4007510000
17-Jul-24,5610.07,5622.49,5584.81,5588.27,5588.27,4246450000
16-Jul-24,5644.09,5669.67,5639.02,5667.2,5667.2,4041760000
15-Jul-24,5638.16,5666.94,5614.75,5631.22,5631.22,3620470000
12-Jul-24,5590.76,5655.56,5590.44,5615.35,5615.35,3700280000
11-Jul-24,5635.21,5642.45,5576.53,5584.54,5584.54,4020950000
10-Jul-24,5591.26,5635.39,5586.44,5633.91,5633.91,3336100000
9-Jul-24,5584.24,5590.75,5574.57,5576.98,5576.98,3232920000
8-Jul-24,5572.75,5583.11,5562.51,5572.85,5572.85,3185670000
5-Jul-24,5537.91,5570.33,5531.63,5567.19,5567.19,3253080000
3-Jul-24,5507.44,5539.27,5507.42,5537.02,5537.02,2179470000
2-Jul-24,5461.84,5509.69,5458.43,5509.01,5509.01,3329950000
1-Jul-24,5471.08,5479.55,5446.53,5475.09,5475.09,3488760000
28-Jun-24,5488.48,5523.64,5451.12,5460.48,5460.48,7199220000
27-Jun-24,5473.59,5490.81,5467.54,5482.87,5482.87,3589530000
26-Jun-24,5460.71,5483.14,5451.87,5477.9,5477.9,3563920000
25-Jun-24,5460.73,5472.88,5446.56,5469.3,5469.3,3591960000
24-Jun-24,5459.58,5490.66,5447.59,5447.87,5447.87,3696750000
21-Jun-24,5466.77,5478.31,5452.03,5464.62,5464.62,6773800000
20-Jun-24,5499.99,5505.53,5455.56,5473.17,5473.17,3847060000
18-Jun-24,5476.15,5490.38,5471.32,5487.03,5487.03,3544330000
17-Jun-24,5431.11,5488.5,5420.4,5473.23,5473.23,3447840000
14-Jun-24,5424.08,5432.39,5403.75,5431.6,5431.6,3438650000
13-Jun-24,5441.93,5441.93,5402.51,5433.74,5433.74,3530380000
12-Jun-24,5409.13,5447.25,5409.13,5421.03,5421.03,3962840000
11-Jun-24,5353,5375.95,5327.25,5375.32,5375.32,3568030000
10-Jun-24,5341.22,5365.79,5331.52,5360.79,5360.79,3622280000
7-Jun-24,5343.81,5375.08,5331.33,5346.99,5346.99,3692760000
6-Jun-24,5357.8,5362.35,5335.36,5352.96,5352.96,3609990000
5-Jun-24,5314.48,5354.16,5297.64,5354.03,5354.03,3591460000
4-Jun-24,5278.24,5298.8,5257.63,5291.34,5291.34,3707900000
3-Jun-24,5297.15,5302.11,5234.32,5283.4,5283.4,4046920000
31-May-24,5243.21,5280.33,5191.68,5277.51,5277.51,5437160000
30-May-24,5259.77,5260.21,5222.1,5235.48,5235.48,3818750000
29-May-24,5278.73,5282.27,5262.7,5266.95,5266.95,3552750000
28-May-24,5315.91,5315.91,5280.89,5306.04,5306.04,3751540000
24-May-24,5281.45,5311.65,5278.39,5304.72,5304.72,3005510000
23-May-24,5340.26,5341.88,5256.93,5267.84,5267.84,3869520000
22-May-24,5319.28,5323.18,5286.01,5307.01,5307.01,3847130000
21-May-24,5298.69,5324.32,5297.87,5321.41,5321.41,3662240000
20-May-24,5305.35,5325.32,5302.4,5308.13,5308.13,3420100000
17-May-24,5303.1,5305.45,5283.59,5303.27,5303.27,3578120000
16-May-24,5310.07,5325.49,5296.19,5297.1,5297.1,3817470000
15-May-24,5263.26,5311.76,5263.26,5308.15,5308.15,4360810000
14-May-24,5221.1,5250.37,5217.98,5246.68,5246.68,4763580000
13-May-24,5233.08,5237.26,5211.16,5221.42,5221.42,4255710000
10-May-24,5225.49,5239.66,5209.68,5222.68,5222.68,3617900000
9-May-24,5189.03,5215.3,5180.41,5214.08,5214.08,3727370000
8-May-24,5168.98,5191.95,5165.86,5187.67,5187.67,3842100000
7-May-24,5187.2,5200.23,5178.96,5187.7,5187.7,3987890000
6-May-24,5142.42,5181,5142.42,5180.74,5180.74,3683250000
3-May-24,5122.78,5139.12,5101.22,5127.79,5127.79,3924990000
2-May-24,5049.32,5073.21,5011.05,5064.2,5064.2,4381660000
1-May-24,5029.03,5096.12,5013.45,5018.39,5018.39,4544170000
30-Apr-24,5103.78,5110.83,5035.31,5035.69,5035.69,4082470000
29-Apr-24,5114.13,5123.49,5088.65,5116.17,5116.17,3447450000
26-Apr-24,5084.65,5114.62,5073.14,5099.96,5099.96,3604140000
25-Apr-24,5019.88,5057.75,4990.58,5048.42,5048.42,3958050000
24-Apr-24,5084.86,5089.48,5047.02,5071.63,5071.63,3656740000
23-Apr-24,5028.85,5076.12,5027.96,5070.55,5070.55,3751400000
22-Apr-24,4987.33,5038.84,4969.4,5010.6,5010.6,3820250000
19-Apr-24,5005.44,5019.02,4953.56,4967.23,4967.23,3878750000
18-Apr-24,5031.52,5056.66,5001.89,5011.12,5011.12,3619760000
17-Apr-24,5068.97,5077.96,5007.25,5022.21,5022.21,3596130000
16-Apr-24,5064.59,5079.84,5039.83,5051.41,5051.41,4006200000
15-Apr-24,5149.67,5168.43,5052.47,5061.82,5061.82,3950210000
12-Apr-24,5171.51,5175.03,5107.94,5123.41,5123.41,3963220000
11-Apr-24,5172.95,5211.78,5138.77,5199.06,5199.06,3509380000
10-Apr-24,5167.88,5178.43,5138.7,5160.64,5160.64,3845930000
9-Apr-24,5217.03,5224.81,5160.78,5209.91,5209.91,3400680000
8-Apr-24,5211.37,5219.57,5197.35,5202.39,5202.39,3278180000
5-Apr-24,5158.95,5222.18,5157.21,5204.34,5204.34,3386780000
4-Apr-24,5244.05,5256.59,5146.06,5147.21,5147.21,4075680000
3-Apr-24,5194.37,5228.75,5194.37,5211.49,5211.49,3703250000
2-Apr-24,5204.29,5208.34,5184.05,5205.81,5205.81,3886590000
1-Apr-24,5257.97,5263.95,5229.2,5243.77,5243.77,3325930000
28-Mar-24,5248.03,5264.85,5245.82,5254.35,5254.35,3998270000
27-Mar-24,5226.31,5249.26,5213.92,5248.49,5248.49,3850500000
26-Mar-24,5228.85,5235.16,5203.42,5203.58,5203.58,3871790000
25-Mar-24,5219.52,5229.09,5216.09,5218.19,5218.19,3331360000
22-Mar-24,5242.48,5246.09,5229.87,5234.18,5234.18,3374700000
21-Mar-24,5253.43,5261.1,5240.66,5241.53,5241.53,4207730000
20-Mar-24,5181.69,5226.19,5171.55,5224.62,5224.62,4064850000
19-Mar-24,5139.09,5180.31,5131.59,5178.51,5178.51,4031760000
18-Mar-24,5154.77,5175.6,5145.47,5149.42,5149.42,4036220000
15-Mar-24,5123.31,5136.86,5104.35,5117.09,5117.09,7753670000
14-Mar-24,5175.14,5176.85,5123.3,5150.48,5150.48,4687970000
13-Mar-24,5173.49,5179.14,5151.88,5165.31,5165.31,4282890000
12-Mar-24,5134.3,5179.87,5114.48,5175.27,5175.27,4080510000
11-Mar-24,5111.96,5124.66,5091.14,5117.94,5117.94,3896430000
8-Mar-24,5164.46,5189.26,5117.5,5123.69,5123.69,4208870000
7-Mar-24,5132.38,5165.62,5128.21,5157.36,5157.36,4137980000
6-Mar-24,5108.03,5127.97,5092.22,5104.76,5104.76,4559050000
5-Mar-24,5110.52,5114.54,5056.82,5078.65,5078.65,4418410000
4-Mar-24,5130.99,5149.67,5127.18,5130.95,5130.95,4758440000
1-Mar-24,5098.51,5140.33,5094.16,5137.08,5137.08,4748110000
29-Feb-24,5085.36,5104.99,5061.89,5096.27,5096.27,5219740000
28-Feb-24,5067.2,5077.37,5058.35,5069.76,5069.76,3789370000
27-Feb-24,5074.6,5080.69,5057.29,5078.18,5078.18,3925950000
26-Feb-24,5093,5097.66,5068.91,5069.53,5069.53,3683930000
23-Feb-24,5100.92,5111.06,5081.46,5088.8,5088.8,3672790000
22-Feb-24,5038.83,5094.39,5038.83,5087.03,5087.03,4051710000
21-Feb-24,4963.03,4983.21,4946,4981.8,4981.8,3788390000
20-Feb-24,4989.32,4993.71,4955.02,4975.51,4975.51,4034880000
16-Feb-24,5031.13,5038.7,4999.52,5005.57,5005.57,3833270000
15-Feb-24,5003.14,5032.72,4999.44,5029.73,5029.73,4137970000
14-Feb-24,4976.44,5002.52,4956.45,5000.62,5000.62,3845600000
13-Feb-24,4967.94,4971.3,4920.31,4953.17,4953.17,4302190000
12-Feb-24,5026.83,5048.39,5016.83,5021.84,5021.84,3805740000
9-Feb-24,5004.17,5030.06,5000.34,5026.61,5026.61,3912990000
8-Feb-24,4995.16,5000.4,4987.09,4997.91,4997.91,4341860000
7-Feb-24,4973.05,4999.89,4969.05,4995.06,4995.06,4895590000
6-Feb-24,4950.16,4957.77,4934.88,4954.23,4954.23,4440880000
5-Feb-24,4957.19,4957.19,4918.09,4942.81,4942.81,4023640000
2-Feb-24,4916.06,4975.29,4907.99,4958.61,4958.61,3974350000
1-Feb-24,4861.11,4906.97,4853.52,4906.19,4906.19,4386090000
31-Jan-24,4899.19,4906.75,4845.15,4845.65,4845.65,4696120000
30-Jan-24,4925.89,4931.09,4916.27,4924.97,4924.97,3836130000
29-Jan-24,4892.95,4929.31,4887.4,4927.93,4927.93,3525160000
26-Jan-24,4888.91,4906.69,4881.47,4890.97,4890.97,3353400000
25-Jan-24,4886.66,4898.15,4869.34,4894.16,4894.16,4020430000
24-Jan-24,4888.56,4903.68,4865.94,4868.55,4868.55,4330030000
23-Jan-24,4856.8,4866.48,4844.37,4864.6,4864.6,3912800000
22-Jan-24,4853.42,4868.41,4844.05,4850.43,4850.43,4297610000
19-Jan-24,4796.28,4842.07,4785.87,4839.81,4839.81,4287200000
18-Jan-24,4760.1,4785.79,4740.57,4780.94,4780.94,4019000000
17-Jan-24,4739.13,4744.23,4714.82,4739.21,4739.21,3928600000
16-Jan-24,4772.35,4782.34,4747.12,4765.98,4765.98,4260550000
12-Jan-24,4791.18,4802.4,4768.98,4783.83,4783.83,3486340000
11-Jan-24,4792.13,4798.5,4739.58,4780.24,4780.24,3759890000
10-Jan-24,4759.94,4790.8,4756.2,4783.45,4783.45,3498680000
9-Jan-24,4741.93,4765.47,4730.35,4756.5,4756.5,3529960000
8-Jan-24,4703.7,4764.54,4699.82,4763.54,4763.54,3742320000
5-Jan-24,4690.57,4721.49,4682.11,4697.24,4697.24,3844370000
4-Jan-24,4697.42,4726.78,4687.53,4688.68,4688.68,3715480000
3-Jan-24,4725.07,4729.29,4699.71,4704.81,4704.81,3950760000
2-Jan-24,4745.2,4754.33,4722.67,4742.83,4742.83,3743050000
29-Dec-23,4782.88,4788.43,4751.99,4769.83,4769.83,3126060000
28-Dec-23,4786.44,4793.3,4780.98,4783.35,4783.35,2698860000
27-Dec-23,4773.45,4785.39,4768.9,4781.58,4781.58,2748450000
26-Dec-23,4758.86,4784.72,4758.45,4774.75,4774.75,2513910000
22-Dec-23,4753.92,4772.94,4736.77,4754.63,4754.63,3046770000
21-Dec-23,4724.29,4748.71,4708.35,4746.75,4746.75,3431180000
20-Dec-23,4764.73,4778.01,4697.82,4698.35,4698.35,4201320000
19-Dec-23,4743.72,4768.69,4743.72,4768.37,4768.37,4026970000
18-Dec-23,4725.58,4749.52,4725.58,4740.56,4740.56,4060340000
15-Dec-23,4714.23,4725.53,4704.69,4719.19,4719.19,8218980000
14-Dec-23,4721.04,4738.57,4694.34,4719.55,4719.55,6314040000
13-Dec-23,4646.2,4709.69,4643.23,4707.09,4707.09,5063650000
12-Dec-23,4618.3,4643.93,4608.09,4643.7,4643.7,3808380000
11-Dec-23,4593.39,4623.71,4593.39,4622.44,4622.44,3823210000
8-Dec-23,4576.2,4609.23,4574.06,4604.37,4604.37,3707010000
7-Dec-23,4568.84,4590.92,4565.22,4585.59,4585.59,3818880000
6-Dec-23,4586.23,4590.74,4546.5,4549.34,4549.34,4245680000
5-Dec-23,4557.25,4578.56,4551.68,4567.18,4567.18,3909950000
4-Dec-23,4564.37,4572.37,4546.72,4569.78,4569.78,4369910000
1-Dec-23,4559.43,4599.39,4554.71,4594.63,4594.63,4397120000
30-Nov-23,4554.87,4569.89,4537.24,4567.8,4567.8,5399300000
29-Nov-23,4571.84,4587.64,4547.15,4550.58,4550.58,4418760000
28-Nov-23,4545.55,4568.14,4540.51,4554.89,4554.89,3586240000
27-Nov-23,4554.86,4560.52,4546.32,4550.43,4550.43,3403990000
24-Nov-23,4555.84,4560.31,4552.8,4559.34,4559.34,1639500000
22-Nov-23,4553.04,4568.43,4545.05,4556.62,4556.62,3042810000
21-Nov-23,4538.77,4542.14,4525.51,4538.19,4538.19,3511080000
20-Nov-23,4511.7,4557.11,4510.36,4547.38,4547.38,3644790000
17-Nov-23,4509.55,4520.12,4499.66,4514.02,4514.02,3777240000
16-Nov-23,4497.08,4511.99,4487.83,4508.24,4508.24,3964520000
15-Nov-23,4505.3,4521.17,4495.31,4502.88,4502.88,4347170000
14-Nov-23,4458.97,4508.67,4458.97,4495.7,4495.7,4700350000
13-Nov-23,4406.66,4421.76,4393.82,4411.55,4411.55,3326240000
10-Nov-23,4364.15,4418.03,4353.34,4415.24,4415.24,3665080000
9-Nov-23,4391.41,4393.4,4343.94,4347.35,4347.35,3900780000
8-Nov-23,4384.37,4391.2,4359.76,4382.78,4382.78,3729510000
7-Nov-23,4366.21,4386.26,4355.41,4378.38,4378.38,3791230000
6-Nov-23,4364.27,4372.21,4347.53,4365.98,4365.98,3656340000
3-Nov-23,4334.23,4373.62,4334.23,4358.34,4358.34,4570960000
2-Nov-23,4268.26,4319.72,4268.26,4317.78,4317.78,4669780000
1-Nov-23,4201.27,4245.64,4197.74,4237.86,4237.86,4224900000
31-Oct-23,4171.33,4195.55,4153.12,4193.8,4193.8,4249470000
30-Oct-23,4139.39,4177.47,4132.94,4166.82,4166.82,3911140000
27-Oct-23,4152.93,4156.7,4103.78,4117.37,4117.37,4019500000
26-Oct-23,4175.99,4183.6,4127.9,4137.23,4137.23,4277640000
25-Oct-23,4232.42,4232.42,4181.42,4186.77,4186.77,3869370000
24-Oct-23,4235.79,4259.38,4219.43,4247.68,4247.68,3821820000
23-Oct-23,4210.4,4255.84,4189.22,4217.04,4217.04,3776100000
20-Oct-23,4273.85,4276.56,4223.03,4224.16,4224.16,4004030000
19-Oct-23,4321.36,4339.54,4269.69,4278,4278,3969730000
18-Oct-23,4357.35,4364.2,4303.84,4314.6,4314.6,3686030000
17-Oct-23,4345.23,4393.57,4337.54,4373.2,4373.2,3794850000
16-Oct-23,4342.37,4383.33,4342.37,4373.63,4373.63,3409960000
13-Oct-23,4360.49,4377.1,4311.97,4327.78,4327.78,3566560000
12-Oct-23,4380.94,4385.85,4325.43,4349.61,4349.61,3713140000
11-Oct-23,4366.59,4378.64,4345.34,4376.95,4376.95,3601660000
10-Oct-23,4339.75,4385.46,4339.64,4358.24,4358.24,3520240000
9-Oct-23,4289.02,4341.73,4283.79,4335.66,4335.66,3174630000
6-Oct-23,4234.79,4324.1,4219.55,4308.5,4308.5,3902030000
5-Oct-23,4259.31,4267.13,4225.91,4258.19,4258.19,3581470000
4-Oct-23,4233.83,4268.5,4220.48,4263.75,4263.75,3777600000
3-Oct-23,4269.75,4281.15,4216.45,4229.45,4229.45,3953830000
2-Oct-23,4284.52,4300.58,4260.21,4288.39,4288.39,3938660000
29-Sep-23,4328.18,4333.15,4274.86,4288.05,4288.05,3865960000
28-Sep-23,4269.65,4317.27,4264.38,4299.7,4299.7,3846230000
27-Sep-23,4282.63,4292.07,4238.63,4274.51,4274.51,3875880000
26-Sep-23,4312.88,4313.01,4265.98,4273.53,4273.53,3472340000
25-Sep-23,4310.62,4338.51,4302.7,4337.44,4337.44,3195650000
22-Sep-23,4341.74,4357.4,4316.49,4320.06,4320.06,3349570000
21-Sep-23,4374.36,4375.7,4329.17,4330,4330,3662340000
20-Sep-23,4452.81,4461.03,4401.38,4402.2,4402.2,3308450000
19-Sep-23,4445.41,4449.85,4416.61,4443.95,4443.95,3614880000
18-Sep-23,4445.13,4466.36,4442.11,4453.53,4453.53,3161230000
15-Sep-23,4497.98,4497.98,4447.21,4450.32,4450.32,6932230000
14-Sep-23,4487.78,4511.99,4478.69,4505.1,4505.1,3648720000
13-Sep-23,4462.65,4479.39,4453.52,4467.44,4467.44,3529430000
12-Sep-23,4473.27,4487.11,4456.83,4461.9,4461.9,3435740000
11-Sep-23,4480.98,4490.77,4467.89,4487.46,4487.46,3369920000
8-Sep-23,4451.3,4473.53,4448.38,4457.49,4457.49,3259290000
7-Sep-23,4434.55,4457.81,4430.46,4451.14,4451.14,3763760000
6-Sep-23,4490.35,4490.35,4442.38,4465.48,4465.48,3418850000
5-Sep-23,4510.06,4514.29,4496.01,4496.83,4496.83,3526250000
1-Sep-23,4530.6,4541.25,4501.35,4515.77,4515.77,3246260000
31-Aug-23,4517.01,4532.26,4507.39,4507.66,4507.66,3946360000
30-Aug-23,4500.34,4521.65,4493.59,4514.87,4514.87,3064110000
29-Aug-23,4432.75,4500.14,4431.68,4497.63,4497.63,3354820000
28-Aug-23,4426.03,4439.56,4414.98,4433.31,4433.31,2957230000
25-Aug-23,4389.38,4418.46,4356.29,4405.71,4405.71,3296180000
24-Aug-23,4455.16,4458.3,4375.55,4376.31,4376.31,3723470000
23-Aug-23,4396.44,4443.18,4396.44,4436.01,4436.01,3837270000
22-Aug-23,4415.33,4418.59,4382.77,4387.55,4387.55,3522760000
21-Aug-23,4380.28,4407.55,4360.3,4399.77,4399.77,3726850000
18-Aug-23,4344.88,4381.82,4335.31,4369.71,4369.71,3940400000
17-Aug-23,4416.32,4421.17,4364.83,4370.36,4370.36,3943700000
16-Aug-23,4433.79,4449.95,4403.55,4404.33,4404.33,3753910000
15-Aug-23,4478.87,4478.87,4432.19,4437.86,4437.86,3832250000
14-Aug-23,4458.13,4490.33,4453.44,4489.72,4489.72,3896410000
11-Aug-23,4450.69,4476.23,4443.98,4464.05,4464.05,3753290000
10-Aug-23,4487.16,4527.37,4457.92,4468.83,4468.83,4504370000
9-Aug-23,4501.57,4502.44,4461.33,4467.71,4467.71,3803100000
8-Aug-23,4498.03,4503.31,4464.39,4499.38,4499.38,3884910000
7-Aug-23,4491.58,4519.84,4491.15,4518.44,4518.44,3493920000
4-Aug-23,4513.96,4540.34,4474.55,4478.03,4478.03,4143310000
3-Aug-23,4494.27,4519.49,4485.54,4501.89,4501.89,4149120000
2-Aug-23,4550.93,4550.93,4505.75,4513.39,4513.39,4270710000
1-Aug-23,4578.83,4584.62,4567.53,4576.73,4576.73,4042370000
31-Jul-23,4584.82,4594.22,4573.14,4588.96,4588.96,4503600000
28-Jul-23,4565.75,4590.16,4564.01,4582.23,4582.23,3981010000
27-Jul-23,4598.26,4607.07,4528.56,4537.41,4537.41,4553210000
26-Jul-23,4558.96,4582.47,4547.58,4566.75,4566.75,3990290000
25-Jul-23,4555.19,4580.62,4552.42,4567.46,4567.46,3812470000
24-Jul-23,4543.39,4563.41,4541.29,4554.64,4554.64,3856250000
21-Jul-23,4550.16,4555,4535.79,4536.34,4536.34,3570190000
20-Jul-23,4554.38,4564.74,4527.56,4534.87,4534.87,3761770000
19-Jul-23,4563.87,4578.43,4557.48,4565.72,4565.72,4115670000
18-Jul-23,4521.78,4562.3,4514.59,4554.98,4554.98,4090010000
17-Jul-23,4508.86,4532.85,4504.9,4522.79,4522.79,3538240000
14-Jul-23,4514.61,4527.76,4499.56,4505.42,4505.42,3647450000
13-Jul-23,4491.5,4517.38,4489.36,4510.04,4510.04,3839530000
12-Jul-23,4467.69,4488.34,4463.23,4472.16,4472.16,3920290000
11-Jul-23,4415.55,4443.64,4408.46,4439.26,4439.26,3624220000
10-Jul-23,4394.23,4412.6,4389.92,4409.53,4409.53,3429600000
7-Jul-23,4404.54,4440.39,4397.4,4398.95,4398.95,3630480000
6-Jul-23,4422.62,4422.62,4385.05,4411.59,4411.59,3682020000
5-Jul-23,4442.04,4454.06,4436.61,4446.82,4446.82,3482620000
3-Jul-23,4450.48,4456.46,4442.29,4455.59,4455.59,2034280000
30-Jun-23,4422.44,4458.48,4422.44,4450.38,4450.38,3923450000
29-Jun-23,4374.94,4398.39,4371.97,4396.44,4396.44,3696660000
28-Jun-23,4367.48,4390.35,4360.22,4376.86,4376.86,3739330000
27-Jun-23,4337.36,4384.42,4335,4378.41,4378.41,3573500000
26-Jun-23,4344.84,4362.06,4328.08,4328.82,4328.82,3415030000
23-Jun-23,4354.17,4366.55,4341.34,4348.33,4348.33,6053620000
22-Jun-23,4355.4,4382.25,4351.82,4381.89,4381.89,3511000000
21-Jun-23,4380.01,4386.22,4360.14,4365.69,4365.69,3709330000
20-Jun-23,4396.11,4400.15,4367.19,4388.71,4388.71,4055790000
16-Jun-23,4440.95,4448.47,4407.44,4409.59,4409.59,6848600000
15-Jun-23,4365.33,4439.2,4362.6,4425.84,4425.84,4176690000
14-Jun-23,4366.29,4391.82,4337.85,4372.59,4372.59,4252110000
13-Jun-23,4352.61,4375.37,4349.31,4369.01,4369.01,4275400000
12-Jun-23,4308.32,4340.13,4304.37,4338.93,4338.93,3945670000
9-Jun-23,4304.88,4322.62,4291.7,4298.86,4298.86,3786510000
8-Jun-23,4268.69,4298.01,4261.07,4293.93,4293.93,3826740000
7-Jun-23,4285.47,4299.19,4263.96,4267.52,4267.52,4537800000
6-Jun-23,4271.34,4288.33,4263.09,4283.85,4283.85,3996560000
5-Jun-23,4282.99,4299.28,4266.82,4273.79,4273.79,3813290000
2-Jun-23,4241.01,4290.67,4241.01,4282.37,4282.37,4454200000
1-Jun-23,4183.03,4232.43,4171.64,4221.02,4221.02,4391860000
31-May-23,4190.74,4195.44,4166.15,4179.83,4179.83,5980670000
30-May-23,4226.71,4231.1,4192.18,4205.52,4205.52,4228510000
26-May-23,4156.16,4212.87,4156.16,4205.45,4205.45,3715460000
25-May-23,4155.71,4165.74,4129.73,4151.28,4151.28,4147760000
24-May-23,4132.96,4132.96,4103.98,4115.24,4115.24,3739160000
23-May-23,4176.8,4185.68,4142.54,4145.58,4145.58,4155320000
22-May-23,4190.78,4209.22,4179.68,4192.63,4192.63,3728520000
19-May-23,4204.15,4212.91,4180.2,4191.98,4191.98,4041900000
18-May-23,4157.68,4202.2,4153.5,4198.05,4198.05,3980500000
17-May-23,4122.85,4164.67,4113.62,4158.77,4158.77,4039080000
16-May-23,4127.95,4135.54,4109.86,4109.9,4109.9,3654200000
15-May-23,4126.65,4141.25,4110.27,4136.28,4136.28,3562170000
12-May-23,4138.54,4143.74,4099.12,4124.08,4124.08,3533740000
11-May-23,4132.24,4132.8,4109.29,4130.62,4130.62,3752900000
10-May-23,4143.74,4154.28,4098.92,4137.64,4137.64,4057160000
9-May-23,4124.25,4130.35,4116.65,4119.17,4119.17,3810140000
8-May-23,4136.98,4142.3,4123.81,4138.12,4138.12,3641640000
5-May-23,4084.73,4147.02,4084.73,4136.25,4136.25,4186270000
4-May-23,4082.55,4082.61,4048.28,4061.22,4061.22,4920090000
3-May-23,4122.25,4148.3,4088.86,4090.75,4090.75,4246510000
2-May-23,4164.1,4164.1,4089.72,4119.58,4119.58,4486130000
1-May-23,4166.79,4186.92,4164.12,4167.87,4167.87,3321370000
28-Apr-23,4129.63,4170.06,4127.18,4169.48,4169.48,4087800000
27-Apr-23,4075.29,4138.24,4075.29,4135.35,4135.35,3750550000
26-Apr-23,4087.78,4089.67,4049.35,4055.99,4055.99,3837030000
25-Apr-23,4126.43,4126.43,4071.38,4071.63,4071.63,3978640000
24-Apr-23,4132.07,4142.41,4117.77,4137.04,4137.04,3290940000
21-Apr-23,4132.14,4138.02,4113.86,4133.52,4133.52,3611750000
20-Apr-23,4130.48,4148.57,4114.57,4129.79,4129.79,3772080000
19-Apr-23,4139.33,4162.57,4134.49,4154.52,4154.52,3572560000
18-Apr-23,4164.26,4169.48,4140.36,4154.87,4154.87,3536640000
17-Apr-23,4137.17,4151.72,4123.18,4151.32,4151.32,3611180000
14-Apr-23,4140.11,4163.19,4113.2,4137.64,4137.64,3575690000
13-Apr-23,4100.04,4150.26,4099.4,4146.22,4146.22,3596590000
12-Apr-23,4121.72,4134.37,4086.94,4091.95,4091.95,3633120000
11-Apr-23,4110.29,4124.26,4102.61,4108.94,4108.94,3665830000
10-Apr-23,4085.2,4109.5,4072.55,4109.11,4109.11,3423650000
6-Apr-23,4081.15,4107.32,4069.84,4105.02,4105.02,3486690000
5-Apr-23,4094.5,4099.69,4072.56,4090.38,4090.38,3968020000
4-Apr-23,4128.03,4133.13,4086.87,4100.6,4100.6,4227800000
3-Apr-23,4102.2,4127.66,4098.79,4124.51,4124.51,4234700000
31-Mar-23,4056.18,4110.75,4056.18,4109.31,4109.31,4525120000
30-Mar-23,4046.74,4057.85,4032.1,4050.83,4050.83,3930860000
29-Mar-23,3999.53,4030.59,3999.53,4027.81,4027.81,4145250000
28-Mar-23,3974.13,3979.2,3951.53,3971.27,3971.27,4014600000
27-Mar-23,3982.93,4003.83,3970.49,3977.53,3977.53,4233540000
24-Mar-23,3939.21,3972.74,3909.16,3970.99,3970.99,4583970000
23-Mar-23,3959.21,4007.66,3919.05,3948.72,3948.72,4991600000
22-Mar-23,4002.04,4039.49,3936.17,3936.97,3936.97,4533010000
21-Mar-23,3975.89,4009.08,3971.19,4002.87,4002.87,4920240000
20-Mar-23,3917.47,3956.62,3916.89,3951.57,3951.57,5347140000
17-Mar-23,3958.69,3958.91,3901.27,3916.64,3916.64,9354280000
16-Mar-23,3878.93,3964.46,3864.11,3960.28,3960.28,5695790000
15-Mar-23,3876.74,3894.26,3838.24,3891.93,3891.93,6594010000
14-Mar-23,3894.01,3937.29,3873.63,3919.29,3919.29,5665870000
13-Mar-23,3835.12,3905.05,3808.86,3855.76,3855.76,6558020000
10-Mar-23,3912.77,3934.05,3846.32,3861.59,3861.59,5518190000
9-Mar-23,3998.66,4017.81,3908.7,3918.32,3918.32,4445260000
8-Mar-23,3987.55,4000.41,3969.76,3992.01,3992.01,3535570000
7-Mar-23,4048.26,4050,3980.31,3986.37,3986.37,3922500000
6-Mar-23,4055.15,4078.49,4044.61,4048.42,4048.42,4000870000
3-Mar-23,3998.02,4048.29,3995.17,4045.64,4045.64,4084730000
2-Mar-23,3938.68,3990.84,3928.16,3981.35,3981.35,4244900000
1-Mar-23,3963.34,3971.73,3939.05,3951.39,3951.39,4249480000
28-Feb-23,3977.19,3997.5,3968.98,3970.15,3970.15,5043400000
27-Feb-23,3992.36,4018.05,3973.55,3982.24,3982.24,3836950000
24-Feb-23,3973.24,3978.25,3943.08,3970.04,3970.04,3877700000
23-Feb-23,4018.6,4028.3,3969.19,4012.32,4012.32,3952940000
22-Feb-23,4001.83,4017.37,3976.9,3991.05,3991.05,4079320000
21-Feb-23,4052.35,4052.35,3995.19,3997.34,3997.34,4121590000
17-Feb-23,4077.39,4081.51,4047.95,4079.09,4079.09,4045480000
16-Feb-23,4114.75,4136.54,4089.49,4090.41,4090.41,4143660000
15-Feb-23,4119.5,4148.11,4103.98,4147.6,4147.6,4075980000
14-Feb-23,4126.7,4159.77,4095.01,4136.13,4136.13,3929200000
13-Feb-23,4096.62,4138.9,4092.67,4137.29,4137.29,3448620000
10-Feb-23,4068.92,4094.36,4060.79,4090.46,4090.46,3891520000
9-Feb-23,4144.25,4156.23,4069.67,4081.5,4081.5,4270200000
8-Feb-23,4153.47,4156.85,4111.67,4117.86,4117.86,4029820000
7-Feb-23,4105.35,4176.54,4088.39,4164,4164,4355860000
6-Feb-23,4119.57,4124.63,4093.38,4111.08,4111.08,4114240000
3-Feb-23,4136.69,4182.36,4123.36,4136.48,4136.48,4694510000
2-Feb-23,4158.68,4195.44,4141.88,4179.76,4179.76,5624360000
1-Feb-23,4070.07,4148.95,4037.2,4119.21,4119.21,4856930000
31-Jan-23,4020.85,4077.16,4020.44,4076.6,4076.6,4679320000
30-Jan-23,4049.27,4063.85,4015.55,4017.77,4017.77,3802000000
27-Jan-23,4053.72,4094.21,4048.7,4070.56,4070.56,3907760000
26-Jan-23,4036.08,4061.57,4013.29,4060.43,4060.43,3809590000
25-Jan-23,3982.71,4019.55,3949.06,4016.22,4016.22,3724020000
24-Jan-23,4001.74,4023.92,3989.79,4016.95,4016.95,3320430000
23-Jan-23,3978.14,4039.31,3971.64,4019.81,4019.81,3945210000
20-Jan-23,3909.04,3972.96,3897.86,3972.61,3972.61,4013360000
19-Jan-23,3911.84,3922.94,3885.54,3898.85,3898.85,3991500000
18-Jan-23,4002.25,4014.16,3926.59,3928.86,3928.86,4298710000
17-Jan-23,3999.28,4015.39,3984.57,3990.97,3990.97,4235560000
13-Jan-23,3960.6,4003.95,3947.67,3999.09,3999.09,3939700000
12-Jan-23,3977.57,3997.76,3937.56,3983.17,3983.17,4440260000
11-Jan-23,3932.35,3970.07,3928.54,3969.61,3969.61,4303360000
10-Jan-23,3888.57,3919.83,3877.29,3919.25,3919.25,3851030000
9-Jan-23,3910.82,3950.57,3890.42,3892.09,3892.09,4311770000
6-Jan-23,3823.37,3906.19,3809.56,3895.08,3895.08,3923560000
5-Jan-23,3839.74,3839.74,3802.42,3808.1,3808.1,3893450000
4-Jan-23,3840.36,3873.16,3815.77,3852.97,3852.97,4414080000
3-Jan-23,3853.29,3878.46,3794.33,3824.14,3824.14,3959140000
30-Dec-22,3829.06,3839.85,3800.34,3839.5,3839.5,2979870000
29-Dec-22,3805.45,3858.19,3805.45,3849.28,3849.28,3003680000
28-Dec-22,3829.56,3848.32,3780.78,3783.22,3783.22,3083520000
27-Dec-22,3843.34,3846.65,3813.22,3829.25,3829.25,3030300000
23-Dec-22,3815.11,3845.8,3797.01,3844.82,3844.82,2819280000
22-Dec-22,3853.26,3853.26,3764.49,3822.39,3822.39,3956950000
21-Dec-22,3839.49,3889.82,3839.49,3878.44,3878.44,3775200000
20-Dec-22,3810.47,3838.24,3795.62,3821.62,3821.62,3985370000
19-Dec-22,3853.79,3854.86,3800.04,3817.66,3817.66,3969610000
16-Dec-22,3890.91,3890.91,3827.91,3852.36,3852.36,7493660000
15-Dec-22,3958.37,3958.37,3879.45,3895.75,3895.75,4493900000
14-Dec-22,4015.54,4053.76,3965.65,3995.32,3995.32,4472340000
13-Dec-22,4069.38,4100.96,3993.03,4019.65,4019.65,5079360000
12-Dec-22,3939.29,3990.71,3935.3,3990.56,3990.56,3904130000
9-Dec-22,3954.17,3977.02,3933.04,3934.38,3934.38,3888260000
8-Dec-22,3947.79,3974.19,3935.83,3963.51,3963.51,4006900000
7-Dec-22,3933.28,3957.57,3922.68,3933.92,3933.92,4118050000
6-Dec-22,3996.63,4001.51,3918.39,3941.26,3941.26,4368380000
5-Dec-22,4052.02,4052.45,3984.49,3998.84,3998.84,4280820000
2-Dec-22,4040.17,4080.48,4026.63,4071.7,4071.7,4012620000
1-Dec-22,4087.14,4100.51,4050.87,4076.57,4076.57,4527130000
30-Nov-22,3957.18,4080.11,3938.58,4080.11,4080.11,6579360000
29-Nov-22,3964.19,3976.77,3937.65,3957.63,3957.63,3546040000
28-Nov-22,4005.36,4012.27,3955.77,3963.94,3963.94,3615430000
25-Nov-22,4023.34,4034.02,4020.76,4026.12,4026.12,1706460000
23-Nov-22,4000.3,4033.78,3998.66,4027.26,4027.26,3279720000
22-Nov-22,3965.51,4005.88,3956.88,4003.58,4003.58,3887990000
21-Nov-22,3956.23,3962,3933.34,3949.94,3949.94,3850690000
18-Nov-22,3966.39,3979.89,3935.98,3965.34,3965.34,4037360000
17-Nov-22,3919.26,3954.33,3906.54,3946.56,3946.56,4051780000
16-Nov-22,3976.82,3983.09,3954.34,3958.79,3958.79,4165320000
15-Nov-22,4006.41,4028.84,3953.17,3991.73,3991.73,5015310000
14-Nov-22,3977.97,4008.97,3956.4,3957.25,3957.25,4561930000
11-Nov-22,3963.72,4001.48,3944.82,3992.93,3992.93,5593310000
10-Nov-22,3859.89,3958.33,3859.89,3956.37,3956.37,5781260000
9-Nov-22,3810.94,3818.2,3744.22,3748.57,3748.57,4645010000
8-Nov-22,3817.02,3859.4,3786.28,3828.11,3828.11,4607640000
7-Nov-22,3780.71,3813.95,3764.7,3806.8,3806.8,4341620000
4-Nov-22,3766.98,3796.34,3708.84,3770.55,3770.55,5400180000
3-Nov-22,3733.25,3750.59,3698.15,3719.89,3719.89,4625290000
2-Nov-22,3852.9,3894.44,3758.68,3759.69,3759.69,4899000000
1-Nov-22,3901.79,3911.79,3843.8,3856.1,3856.1,4481210000
31-Oct-22,3881.85,3893.73,3863.18,3871.98,3871.98,4820620000
28-Oct-22,3808.26,3905.42,3808.26,3901.06,3901.06,4459410000
27-Oct-22,3834.69,3859.95,3803.79,3807.3,3807.3,4687320000
26-Oct-22,3825.97,3886.15,3824.07,3830.6,3830.6,4817310000
25-Oct-22,3799.44,3862.85,3799.44,3859.11,3859.11,4843120000
24-Oct-22,3762.01,3810.74,3741.65,3797.34,3797.34,4747930000
21-Oct-22,3657.1,3757.89,3647.42,3752.75,3752.75,5078020000
20-Oct-22,3689.05,3736,3656.44,3665.78,3665.78,4496620000
19-Oct-22,3703.11,3728.58,3666.51,3695.16,3695.16,4223800000
18-Oct-22,3746.26,3762.79,3686.53,3719.98,3719.98,4483740000
17-Oct-22,3638.65,3689.73,3638.65,3677.95,3677.95,4352780000
14-Oct-22,3690.41,3712,3579.68,3583.07,3583.07,4243030000
13-Oct-22,3520.37,3685.41,3491.58,3669.91,3669.91,5021680000
12-Oct-22,3590.83,3608.34,3573.86,3577.03,3577.03,4006830000
11-Oct-22,3595.86,3640.66,3568.45,3588.84,3588.84,4759030000
10-Oct-22,3647.51,3652.17,3588.1,3612.39,3612.39,3834320000
7-Oct-22,3706.74,3706.74,3620.73,3639.66,3639.66,4449660000
6-Oct-22,3771.97,3797.93,3739.22,3744.52,3744.52,4252100000
5-Oct-22,3753.25,3806.91,3722.66,3783.28,3783.28,4293180000
4-Oct-22,3726.46,3791.92,3726.46,3790.93,3790.93,5146580000
3-Oct-22,3609.78,3698.35,3604.93,3678.43,3678.43,4806680000
30-Sep-22,3633.48,3671.44,3584.13,3585.62,3585.62,5645360000
29-Sep-22,3687.01,3687.01,3610.4,3640.47,3640.47,4681810000
28-Sep-22,3651.94,3736.74,3640.61,3719.04,3719.04,4684850000
27-Sep-22,3686.44,3717.53,3623.29,3647.29,3647.29,4577740000
26-Sep-22,3682.72,3715.67,3644.76,3655.04,3655.04,4886140000
23-Sep-22,3727.14,3727.14,3647.47,3693.23,3693.23,5144270000
22-Sep-22,3782.36,3790.9,3749.45,3757.99,3757.99,4284600000
21-Sep-22,3871.4,3907.07,3789.49,3789.93,3789.93,4078330000
20-Sep-22,3875.23,3876.01,3827.54,3855.93,3855.93,4058050000
19-Sep-22,3849.91,3900.45,3838.5,3899.89,3899.89,3766850000
16-Sep-22,3880.95,3880.95,3837.08,3873.33,3873.33,7954650000
15-Sep-22,3932.41,3959.14,3888.28,3901.35,3901.35,4441830000
14-Sep-22,3940.73,3961.94,3912.18,3946.01,3946.01,4293240000
13-Sep-22,4037.12,4037.12,3921.28,3932.69,3932.69,4224550000
12-Sep-22,4083.67,4119.28,4083.67,4110.41,4110.41,3814200000
9-Sep-22,4022.94,4076.81,4022.94,4067.36,4067.36,3901940000
8-Sep-22,3959.94,4010.5,3944.81,4006.18,4006.18,3966850000
7-Sep-22,3909.43,3987.89,3906.03,3979.87,3979.87,3890320000
6-Sep-22,3930.89,3942.55,3886.75,3908.19,3908.19,4127340000
2-Sep-22,3994.66,4018.43,3906.21,3924.26,3924.26,3665850000
1-Sep-22,3936.73,3970.23,3903.65,3966.85,3966.85,4152250000
31-Aug-22,4000.67,4015.37,3954.53,3955,3955,4542490000
30-Aug-22,4041.25,4044.98,3965.21,3986.16,3986.16,3835860000
29-Aug-22,4034.58,4062.99,4017.42,4030.61,4030.61,3396510000
26-Aug-22,4198.74,4203.04,4057.66,4057.66,4057.66,3832750000
25-Aug-22,4153.26,4200.54,4147.59,4199.12,4199.12,3566870000
24-Aug-22,4126.55,4156.56,4119.97,4140.77,4140.77,3583630000
23-Aug-22,4133.09,4159.77,4124.03,4128.73,4128.73,3823520000
22-Aug-22,4195.08,4195.08,4129.86,4137.99,4137.99,3907430000
19-Aug-22,4266.31,4266.31,4218.7,4228.48,4228.48,3761340000
18-Aug-22,4273.13,4292.53,4261.98,4283.74,4283.74,3340330000
17-Aug-22,4280.4,4302.18,4253.08,4274.04,4274.04,3885030000
16-Aug-22,4290.46,4325.28,4277.77,4305.2,4305.2,4329820000
15-Aug-22,4269.37,4301.79,4256.9,4297.14,4297.14,3696830000
12-Aug-22,4225.02,4280.47,4219.78,4280.15,4280.15,3788010000
11-Aug-22,4227.4,4257.91,4201.41,4207.27,4207.27,4630200000
10-Aug-22,4181.02,4211.03,4177.26,4210.24,4210.24,4546010000
9-Aug-22,4133.11,4137.3,4112.09,4122.47,4122.47,3913090000
8-Aug-22,4155.93,4186.62,4128.97,4140.06,4140.06,4221090000
5-Aug-22,4115.87,4151.58,4107.31,4145.19,4145.19,4085940000
4-Aug-22,4154.85,4161.29,4135.42,4151.94,4151.94,4283320000
3-Aug-22,4107.96,4167.66,4107.96,4155.17,4155.17,4351760000
2-Aug-22,4104.21,4140.47,4079.81,4091.19,4091.19,4727710000
1-Aug-22,4112.38,4144.95,4096.02,4118.63,4118.63,4202810000
29-Jul-22,4087.33,4140.15,4079.22,4130.29,4130.29,4616360000
28-Jul-22,4026.13,4078.95,3992.97,4072.43,4072.43,4413000000
27-Jul-22,3951.43,4039.56,3951.43,4023.61,4023.61,4112180000
26-Jul-22,3953.22,3953.22,3910.74,3921.05,3921.05,3778950000
25-Jul-22,3965.72,3975.3,3943.46,3966.84,3966.84,3568340000
22-Jul-22,3998.43,4012.44,3938.86,3961.63,3961.63,3979240000
21-Jul-22,3955.47,3999.29,3927.64,3998.95,3998.95,4132790000
20-Jul-22,3935.32,3974.13,3922.03,3959.9,3959.9,4185300000
19-Jul-22,3860.73,3939.81,3860.73,3936.69,3936.69,4041070000
18-Jul-22,3883.79,3902.44,3818.63,3830.85,3830.85,4046870000
15-Jul-22,3818,3863.62,3817.18,3863.16,3863.16,4143800000
14-Jul-22,3763.99,3796.41,3721.56,3790.38,3790.38,4199690000
13-Jul-22,3779.67,3829.44,3759.07,3801.78,3801.78,4109390000
12-Jul-22,3851.95,3873.41,3802.36,3818.8,3818.8,3817210000
11-Jul-22,3880.94,3880.94,3847.22,3854.43,3854.43,3423480000
8-Jul-22,3888.26,3918.5,3869.34,3899.38,3899.38,3521620000
7-Jul-22,3858.85,3910.63,3858.85,3902.62,3902.62,4057770000
6-Jul-22,3831.98,3870.91,3809.37,3845.08,3845.08,4417720000
5-Jul-22,3792.61,3832.19,3742.06,3831.39,3831.39,5076590000
1-Jul-22,3781,3829.82,3752.1,3825.33,3825.33,4046950000
30-Jun-22,3785.99,3818.99,3738.67,3785.38,3785.38,4840070000
29-Jun-22,3825.09,3836.5,3799.02,3818.83,3818.83,4211240000
28-Jun-22,3913,3945.86,3820.14,3821.55,3821.55,4270120000
27-Jun-22,3920.76,3927.72,3889.66,3900.11,3900.11,4325310000
24-Jun-22,3821.75,3913.65,3821.75,3911.74,3911.74,8120260000
23-Jun-22,3774.71,3802.58,3743.52,3795.73,3795.73,5098640000
22-Jun-22,3733.89,3801.79,3717.69,3759.89,3759.89,5058990000
21-Jun-22,3715.31,3779.65,3715.31,3764.79,3764.79,5292260000
17-Jun-22,3665.9,3707.71,3636.87,3674.84,3674.84,8520740000
16-Jun-22,3728.18,3728.18,3639.77,3666.77,3666.77,5644930000
15-Jun-22,3764.05,3837.56,3722.3,3789.99,3789.99,5530480000
14-Jun-22,3763.52,3778.18,3705.68,3735.48,3735.48,5153890000
13-Jun-22,3838.15,3838.15,3734.3,3749.63,3749.63,5636890000
10-Jun-22,3974.39,3974.39,3900.16,3900.86,3900.86,4889640000
9-Jun-22,4101.65,4119.1,4017.17,4017.82,4017.82,4134170000
8-Jun-22,4147.12,4160.14,4107.2,4115.77,4115.77,4159470000
7-Jun-22,4096.47,4164.86,4080.19,4160.68,4160.68,4248210000
6-Jun-22,4134.72,4168.78,4109.18,4121.43,4121.43,4332700000
3-Jun-22,4137.57,4142.67,4098.67,4108.54,4108.54,3711110000
2-Jun-22,4095.41,4177.51,4074.37,4176.82,4176.82,4405790000
1-Jun-22,4149.78,4166.54,4073.85,4101.23,4101.23,4531800000
31-May-22,4151.09,4168.34,4104.88,4132.15,4132.15,6822640000
27-May-22,4077.43,4158.49,4077.43,4158.24,4158.24,4375620000
26-May-22,3984.6,4075.14,3984.6,4057.84,4057.84,4709970000
25-May-22,3929.59,3999.33,3925.03,3978.73,3978.73,4802560000
24-May-22,3942.94,3955.68,3875.13,3941.48,3941.48,4923190000
23-May-22,3919.42,3981.88,3909.04,3973.75,3973.75,4420030000
20-May-22,3927.76,3943.42,3810.32,3901.36,3901.36,5130730000
19-May-22,3899,3945.96,3876.58,3900.79,3900.79,5113550000
18-May-22,4051.98,4051.98,3911.91,3923.68,3923.68,5103220000
17-May-22,4052,4090.72,4033.93,4088.85,4088.85,4841410000
16-May-22,4013.02,4046.46,3983.99,4008.01,4008.01,4415030000
13-May-22,3963.9,4038.88,3963.9,4023.89,4023.89,5183340000
12-May-22,3903.95,3964.8,3858.87,3930.08,3930.08,6286450000
11-May-22,3990.08,4049.09,3928.82,3935.18,3935.18,5816140000
10-May-22,4035.18,4068.82,3958.17,4001.05,4001.05,5885820000
9-May-22,4081.27,4081.27,3975.48,3991.24,3991.24,5954520000
6-May-22,4128.17,4157.69,4067.91,4123.34,4123.34,5116940000
5-May-22,4270.43,4270.43,4106.01,4146.87,4146.87,5077030000
4-May-22,4181.18,4307.66,4148.91,4300.17,4300.17,5136360000
3-May-22,4159.78,4200.1,4147.08,4175.48,4175.48,4582050000
2-May-22,4130.61,4169.81,4062.51,4155.38,4155.38,5163790000
29-Apr-22,4253.75,4269.68,4124.28,4131.93,4131.93,5084030000
28-Apr-22,4222.58,4308.45,4188.63,4287.5,4287.5,4854180000
27-Apr-22,4186.52,4240.71,4162.9,4183.96,4183.96,4769680000
26-Apr-22,4278.14,4278.14,4175.04,4175.2,4175.2,4689970000
25-Apr-22,4255.34,4299.02,4200.82,4296.12,4296.12,5240040000
22-Apr-22,4385.83,4385.83,4267.62,4271.78,4271.78,4651940000
21-Apr-22,4489.17,4512.94,4384.47,4393.66,4393.66,4636890000
20-Apr-22,4472.26,4488.29,4448.76,4459.45,4459.45,4290450000
19-Apr-22,4390.63,4471.03,4390.63,4462.21,4462.21,4108120000
18-Apr-22,4385.63,4410.31,4370.3,4391.69,4391.69,3910490000
14-Apr-22,4449.12,4460.46,4390.77,4392.59,4392.59,4083090000
13-Apr-22,4394.3,4453.92,4392.7,4446.59,4446.59,3828150000
12-Apr-22,4437.59,4471,4381.34,4397.45,4397.45,4152090000
11-Apr-22,4462.64,4464.35,4408.38,4412.53,4412.53,4266290000
8-Apr-22,4494.15,4520.41,4474.6,4488.28,4488.28,4083200000
7-Apr-22,4474.65,4521.16,4450.3,4500.21,4500.21,4821490000
6-Apr-22,4494.17,4503.94,4450.04,4481.15,4481.15,4986830000
5-Apr-22,4572.45,4593.45,4514.17,4525.12,4525.12,4800620000
4-Apr-22,4547.97,4583.5,4539.21,4582.64,4582.64,4547350000
1-Apr-22,4540.32,4548.7,4507.57,4545.86,4545.86,4562940000
31-Mar-22,4599.02,4603.07,4530.41,4530.41,4530.41,4823020000
30-Mar-22,4624.2,4627.77,4581.32,4602.45,4602.45,4385570000
29-Mar-22,4602.86,4637.3,4589.66,4631.6,4631.6,5085910000
28-Mar-22,4541.09,4575.65,4517.69,4575.52,4575.52,4312260000
25-Mar-22,4522.91,4546.03,4501.07,4543.06,4543.06,4305020000
24-Mar-22,4469.98,4520.58,4465.17,4520.16,4520.16,4131390000
23-Mar-22,4493.1,4501.07,4455.81,4456.24,4456.24,4550670000
22-Mar-22,4469.1,4522,4469.1,4511.61,4511.61,4754840000
21-Mar-22,4462.4,4481.75,4424.3,4461.18,4461.18,4869820000
18-Mar-22,4407.34,4465.4,4390.57,4463.12,4463.12,8278430000
17-Mar-22,4345.11,4412.67,4335.65,4411.67,4411.67,4985090000
16-Mar-22,4288.14,4358.9,4251.99,4357.86,4357.86,6309750000
15-Mar-22,4188.82,4271.05,4187.9,4262.45,4262.45,5392470000
14-Mar-22,4202.75,4247.57,4161.72,4173.11,4173.11,5574920000
11-Mar-22,4279.5,4291.01,4200.49,4204.31,4204.31,4938640000
10-Mar-22,4252.55,4268.28,4209.8,4259.52,4259.52,4980830000
9-Mar-22,4223.1,4299.4,4223.1,4277.88,4277.88,5662670000
8-Mar-22,4202.66,4276.94,4157.87,4170.7,4170.7,7243120000
7-Mar-22,4327.01,4327.01,4199.85,4201.09,4201.09,6940470000
4-Mar-22,4342.12,4342.12,4284.98,4328.87,4328.87,5797380000
3-Mar-22,4401.31,4416.78,4345.56,4363.49,4363.49,5039890000
2-Mar-22,4322.56,4401.48,4322.56,4386.54,4386.54,5337870000
1-Mar-22,4363.14,4378.45,4279.54,4306.26,4306.26,5846230000
28-Feb-22,4354.17,4388.84,4315.12,4373.94,4373.94,6071370000
25-Feb-22,4298.38,4385.34,4286.83,4384.65,4384.65,5177060000
24-Feb-22,4155.77,4294.73,4114.65,4288.7,4288.7,6752130000
23-Feb-22,4324.93,4341.51,4221.51,4225.5,4225.5,4797430000
22-Feb-22,4332.74,4362.12,4267.11,4304.76,4304.76,5121900000
18-Feb-22,4384.57,4394.6,4327.22,4348.87,4348.87,4708060000
17-Feb-22,4456.06,4456.06,4373.81,4380.26,4380.26,4539420000
16-Feb-22,4455.75,4489.55,4429.68,4475.01,4475.01,4283640000
15-Feb-22,4429.28,4472.77,4429.28,4471.07,4471.07,4430830000
14-Feb-22,4412.61,4426.22,4364.84,4401.67,4401.67,4600390000
11-Feb-22,4506.27,4526.33,4401.41,4418.64,4418.64,5251500000
10-Feb-22,4553.24,4588.92,4484.31,4504.08,4504.08,5314860000
9-Feb-22,4547,4590.03,4547,4587.18,4587.18,4524350000
8-Feb-22,4480.02,4531.32,4465.4,4521.54,4521.54,4459620000
7-Feb-22,4505.75,4521.86,4471.47,4483.87,4483.87,4228480000
4-Feb-22,4482.79,4539.66,4451.5,4500.53,4500.53,4706290000
3-Feb-22,4535.41,4542.88,4470.39,4477.44,4477.44,4401970000
2-Feb-22,4566.39,4595.31,4544.32,4589.38,4589.38,4481580000
1-Feb-22,4519.57,4550.49,4483.53,4546.54,4546.54,4816830000
31-Jan-22,4431.79,4516.89,4414.02,4515.55,4515.55,5098610000
28-Jan-22,4336.19,4432.72,4292.46,4431.85,4431.85,5031090000
27-Jan-22,4380.58,4428.74,4309.5,4326.51,4326.51,5214200000
26-Jan-22,4408.43,4453.23,4304.8,4349.93,4349.93,5570640000
25-Jan-22,4366.64,4411.01,4287.11,4356.45,4356.45,5145050000
24-Jan-22,4356.32,4417.35,4222.62,4410.13,4410.13,6928110000
21-Jan-22,4471.38,4494.52,4395.34,4397.94,4397.94,5589100000
20-Jan-22,4547.35,4602.11,4477.95,4482.73,4482.73,4640870000
19-Jan-22,4588.03,4611.55,4530.2,4532.76,4532.76,4465740000
18-Jan-22,4632.24,4632.24,4568.7,4577.11,4577.11,4748700000
14-Jan-22,4637.99,4665.13,4614.75,4662.85,4662.85,4338490000
13-Jan-22,4733.56,4744.13,4650.29,4659.03,4659.03,4251730000
12-Jan-22,4728.59,4748.83,4706.71,4726.35,4726.35,4048220000
11-Jan-22,4669.14,4714.13,4638.27,4713.07,4713.07,4101590000
10-Jan-22,4655.34,4673.02,4582.24,4670.29,4670.29,4511810000
7-Jan-22,4697.66,4707.95,4662.74,4677.03,4677.03,4181510000
6-Jan-22,4693.39,4725.01,4671.26,4696.05,4696.05,4295280000
5-Jan-22,4787.99,4797.7,4699.44,4700.58,4700.58,4887960000
4-Jan-22,4804.51,4818.62,4774.27,4793.54,4793.54,4683170000
3-Jan-22,4778.14,4796.64,4758.17,4796.56,4796.56,3831020000
